paper_id,raw_id,type,title,page,url,status,path,error
1-1,1.1,oral,Invited Paper: Direct Photolithography of R/G/B Quantum Dots for Full-Color Electroluminescent Displays,1,https://sid.org/Portals/5/pdf/SID-Digest/DW2026/docs/1-1.pdf,pending,,
1-2,1.2,oral,Spherical Quantum Wells with Inverse Type-I Band Alignment for High-Performance Blue QLEDs,1,https://sid.org/Portals/5/pdf/SID-Digest/DW2026/docs/1-2.pdf,pending,,
1-3,1.3,oral,Towards Commercialization: Overcoming Challenges in Ink-Jet Printing of QLEDs,1,https://sid.org/Portals/5/pdf/SID-Digest/DW2026/docs/1-3.pdf,pending,,
1-4,1.4,oral,Distinguished Paper: Improved Optoelectronic Characteristics of Blue Quantum Dot Light-Emitting Diodes through Surface,1,https://sid.org/Portals/5/pdf/SID-Digest/DW2026/docs/1-4.pdf,pending,,
2-1,2.1,oral,"Distinguished Paper: Crystallization of 1 ?m Unit-Width, Well-Aligned a-IGO in Parallel for Flexible Thin-Film Transistors",1,https://sid.org/Portals/5/pdf/SID-Digest/DW2026/docs/2-1.pdf,pending,,
2-2,2.2,oral,Invited Paper: Novel Thin Film Solutions to Accelerate High Mobility Metal Oxide TFT Based AMOLED Displays,1,https://sid.org/Portals/5/pdf/SID-Digest/DW2026/docs/2-2.pdf,pending,,
2-3,2.3,oral,Distinguished Paper: Normally-Off Top-Gate Self-Aligned Field-Effect Transistor Including Crystal InOx Formed by Hydrogen,1,https://sid.org/Portals/5/pdf/SID-Digest/DW2026/docs/2-3.pdf,pending,,
2-4,2.4,oral,Research on Back-Channel-Etched Amorphous Oxide Semiconductor Thin-Film Transistor Devices Based on 4Mask Extreme,1,https://sid.org/Portals/5/pdf/SID-Digest/DW2026/docs/2-4.pdf,pending,,
2-5,2.5,oral,Development of 85-inch 8K VA LCDs with Large Size Oxide Technology,1,https://sid.org/Portals/5/pdf/SID-Digest/DW2026/docs/2-5.pdf,pending,,
3-1,3.1,oral,"Polarizer-Free, High-Efficiency OLED Display Architecture Integrating Both Color Filters on Encapsulation (COE) and",1,https://sid.org/Portals/5/pdf/SID-Digest/DW2026/docs/3-1.pdf,pending,,
3-2,3.2,oral,Development of Inkjet-Printable Materials for Color Filters in COE OLED Displays,1,https://sid.org/Portals/5/pdf/SID-Digest/DW2026/docs/3-2.pdf,pending,,
3-3,3.3,oral,COE-Based Low-Reflectivity Interated-Black and High-Brightness Wide-Color-Gamut Display Technology,1,https://sid.org/Portals/5/pdf/SID-Digest/DW2026/docs/3-3.pdf,pending,,
3-4,3.4,oral,Research on Optical Improvement Scheme for BM-skip Solution of COE Products,1,https://sid.org/Portals/5/pdf/SID-Digest/DW2026/docs/3-4.pdf,pending,,
4-1,4.1,oral,Eye Tracking in AI-Assisted AR Glasses Using Pancharatnam Berry Optical Elements,1,https://sid.org/Portals/5/pdf/SID-Digest/DW2026/docs/4-1.pdf,pending,,
4-2,4.2,oral,Design and Simulation of Photodetector-Based Eye-Tracking System with Optically Defined Detection Areas,1,https://sid.org/Portals/5/pdf/SID-Digest/DW2026/docs/4-2.pdf,pending,,
4-3,4.3,oral,Invited Paper: Event Camera Assisted All-Weather High Frequency Gaze Detection for XR Glasses and Headsets,1,https://sid.org/Portals/5/pdf/SID-Digest/DW2026/docs/4-3.pdf,pending,,
4-4,4.4,oral,Multi-Aperture Superposition Optics for Compact VR: Enabling Wide Field of View and Sensor Integration,1,https://sid.org/Portals/5/pdf/SID-Digest/DW2026/docs/4-4.pdf,pending,,
4-5,4.5,oral,Gaze-Contingent Foveated Frame-Rate Control for Low-Power XR Devices,2,https://sid.org/Portals/5/pdf/SID-Digest/DW2026/docs/4-5.pdf,pending,,
5-1,5.1,oral,Distinguished Paper: LIP-Based Perceptual Optimization for Subpixel Rendering Filters,2,https://sid.org/Portals/5/pdf/SID-Digest/DW2026/docs/5-1.pdf,pending,,
5-2,5.2,oral,A Design Methodology for PWM-Driven Pixel Circuits with Color-Difference Analysis,2,https://sid.org/Portals/5/pdf/SID-Digest/DW2026/docs/5-2.pdf,pending,,
5-3,5.3,oral,A MicroLED Demura Algorithm on Perceptually Uniform Space for Achieving Both High-Fidelity Color and Luminance,2,https://sid.org/Portals/5/pdf/SID-Digest/DW2026/docs/5-3.pdf,pending,,
5-4,5.4,oral,A Power-Saving Algorithm for Adaptive Color Adjustment on OLED Display and Its Hardware Implement,2,https://sid.org/Portals/5/pdf/SID-Digest/DW2026/docs/5-4.pdf,pending,,
6-1,6.1,oral,Invited Paper: Latest LC Materials Which Enable Field Sequential Color LC Displays,2,https://sid.org/Portals/5/pdf/SID-Digest/DW2026/docs/6-1.pdf,pending,,
6-2,6.2,oral,RGB Mini LED Backlight for Field Sequential Color LCD,2,https://sid.org/Portals/5/pdf/SID-Digest/DW2026/docs/6-2.pdf,pending,,
6-3,6.3,oral,Distinguished Paper: Field-Sequential-Color Liquid Crystal Devices for AR and VR Displays,2,https://sid.org/Portals/5/pdf/SID-Digest/DW2026/docs/6-3.pdf,pending,,
6-4,6.4,oral,Application of Modified In-Plane Super-Fast Response (M-ipSFR) LCD Mode toward High Resolution VR Displays,2,https://sid.org/Portals/5/pdf/SID-Digest/DW2026/docs/6-4.pdf,pending,,
7-1,7.1,oral,Invited Paper: Real-Time Neural Filtering for Perceptual Enhancement of Digital Experiences,2,https://sid.org/Portals/5/pdf/SID-Digest/DW2026/docs/7-1.pdf,pending,,
7-2,7.2,oral,Ambient Light Adaptive Gamma: Ambient Light Management Solution Beyond AR/AG,2,https://sid.org/Portals/5/pdf/SID-Digest/DW2026/docs/7-2.pdf,pending,,
7-3,7.3,oral,"Investigation of Brightness, Colorfulness, and Vividness in HDR Video Using a Dedicated HDR Imaging Pipeline",2,https://sid.org/Portals/5/pdf/SID-Digest/DW2026/docs/7-3.pdf,pending,,
8-1,8.1,oral,Invited Paper: High Mobility Metal Oxide TFTs by Atomic Layer Deposition for AMOLED Display,2,https://sid.org/Portals/5/pdf/SID-Digest/DW2026/docs/8-1.pdf,pending,,
8-2,8.2,oral,Invited Paper: Atomic Layer Deposition of High Mobility Oxide Semiconductors for Integrated Device Applications,2,https://sid.org/Portals/5/pdf/SID-Digest/DW2026/docs/8-2.pdf,pending,,
8-3,8.3,oral,Highly Reliable Oxide TFTs through ALD-deposited Interfacial Gate Insulator,2,https://sid.org/Portals/5/pdf/SID-Digest/DW2026/docs/8-3.pdf,pending,,
8-4,8.4,oral,Late-News Paper: Phase Controlling Layer Deposited by Atomic Layer Deposition for High Mobility and Stable Crystalline,2,https://sid.org/Portals/5/pdf/SID-Digest/DW2026/docs/8-4.pdf,pending,,
9-1,9.1,oral,Advancement of Quantum Dot-Based nanoLED Displays Using Inorganic HIL for Enhanced Photolithography Processes,2,https://sid.org/Portals/5/pdf/SID-Digest/DW2026/docs/9-1.pdf,pending,,
9-2,9.2,oral,Lifetime Improvement by Organic-Doped QD Film in QLED Devices,2,https://sid.org/Portals/5/pdf/SID-Digest/DW2026/docs/9-2.pdf,pending,,
9-3,9.3,oral,Electron Leakage and FRET Mitigation with a Dielectric Barrier Strategy for High-Efficiency Quantum Dot Light Emitting,3,https://sid.org/Portals/5/pdf/SID-Digest/DW2026/docs/9-3.pdf,pending,,
9-4,9.4,oral,Late-News Paper: Dual-Insulation Strategies for Electrical Crosstalk Suppression in High Resolution Quantum Dot,3,https://sid.org/Portals/5/pdf/SID-Digest/DW2026/docs/9-4.pdf,pending,,
10-1,10.1,oral,Optimization of Sparkle In Display Modules with Anti-Glare Cover Glass,3,https://sid.org/Portals/5/pdf/SID-Digest/DW2026/docs/10-1.pdf,pending,,
10-2,10.2,oral,Super-hard dielectric Coating on Coverlens,3,https://sid.org/Portals/5/pdf/SID-Digest/DW2026/docs/10-2.pdf,pending,,
10-3,10.3,oral,Improvement of Surface Waviness for Polarizer-Free Display,3,https://sid.org/Portals/5/pdf/SID-Digest/DW2026/docs/10-3.pdf,pending,,
11-1,11.1,oral,Invited Paper: Photolithographic OLED Patterning Empowered OLED Total Solution,3,https://sid.org/Portals/5/pdf/SID-Digest/DW2026/docs/11-1.pdf,pending,,
11-2,11.2,oral,Invited Paper: Next-Generation Tandem OLED for Automotive display,3,https://sid.org/Portals/5/pdf/SID-Digest/DW2026/docs/11-2.pdf,pending,,
11-3,11.3,oral,"Development of a New Robust Intermediate Connector Using Indium for Realizing Tandem OLED Display Exceeding 5,000 ppi",3,https://sid.org/Portals/5/pdf/SID-Digest/DW2026/docs/11-3.pdf,pending,,
11-4,11.4,oral,Design of a New Color Layer Spectrum for New WOLED Devices to Enhance Efficiency.,3,https://sid.org/Portals/5/pdf/SID-Digest/DW2026/docs/11-4.pdf,pending,,
12-1,12.1,oral,Integrated AR Respiratory Mask with Indoor Navigation,3,https://sid.org/Portals/5/pdf/SID-Digest/DW2026/docs/12-1.pdf,pending,,
12-2,12.2,oral,Distinguished Paper: Augmented Reality Integration Improves Ergonomics in Dynamic Navigation for Dental Implant Surgery,3,https://sid.org/Portals/5/pdf/SID-Digest/DW2026/docs/12-2.pdf,pending,,
12-3,12.3,oral,Realization of a Speaker-Oriented Augmented Reality Hearing-Aid System by Synchronization of Sound Source Localization,3,https://sid.org/Portals/5/pdf/SID-Digest/DW2026/docs/12-3.pdf,pending,,
12-4,12.4,oral,Integrated Sensor-Processer-Display System for Real-Time Visualization of Plant Conditions,3,https://sid.org/Portals/5/pdf/SID-Digest/DW2026/docs/12-4.pdf,pending,,
12-5,12.5,oral,Invited Paper: Optical Sensor Products and Technologies STMicroelectronics is Bringing to the XR Headset Ecosystem,3,https://sid.org/Portals/5/pdf/SID-Digest/DW2026/docs/12-5.pdf,pending,,
13-1,13.1,oral,Invited Paper: The New OLED TDDI Driver IC Architecture,3,https://sid.org/Portals/5/pdf/SID-Digest/DW2026/docs/13-1.pdf,pending,,
13-2,13.2,oral,"Development of Low-Cost, Low-Power Consumption, and Narrow-Frame IGZO Panels for IT MFD and DeMUX",3,https://sid.org/Portals/5/pdf/SID-Digest/DW2026/docs/13-2.pdf,pending,,
13-3,13.3,oral,Seamless Switching Technology of Pixel Clock on AMOLED Notebook Display,3,https://sid.org/Portals/5/pdf/SID-Digest/DW2026/docs/13-3.pdf,pending,,
13-4,13.4,oral,A High-Refresh Rate and Large-Size OLED Display with DRD Gate Driver for Premium TVs,3,https://sid.org/Portals/5/pdf/SID-Digest/DW2026/docs/13-4.pdf,pending,,
14-1,14.1,oral,A New Dual Gate LCD Design with DLG Support for High Transmittance,4,https://sid.org/Portals/5/pdf/SID-Digest/DW2026/docs/14-1.pdf,pending,,
14-2,14.2,oral,A New Dual Gate Pixel Structure Suitable for Large-Size and High-Refresh-Rate LCD Panels,4,https://sid.org/Portals/5/pdf/SID-Digest/DW2026/docs/14-2.pdf,pending,,
14-3,14.3,oral,High Mobility Oxide for Touch Demux LCD Using Single tTED IC,4,https://sid.org/Portals/5/pdf/SID-Digest/DW2026/docs/14-3.pdf,pending,,
15-1,15.1,oral,Invited Paper: Visual Performance Standards for Virtual and Augmented Reality Displays,4,https://sid.org/Portals/5/pdf/SID-Digest/DW2026/docs/15-1.pdf,pending,,
15-2,15.2,oral,Invited Paper: Environment to Bits: What do AR Systems Need to Know About the Environment to Ensure High Quality Display,4,https://sid.org/Portals/5/pdf/SID-Digest/DW2026/docs/15-2.pdf,pending,,
15-3,15.3,oral,Invited Paper: Towards Building Psychophysics-informed Quality Metrics for Augmented Reality Displays,4,https://sid.org/Portals/5/pdf/SID-Digest/DW2026/docs/15-3.pdf,pending,,
15-4,15.4,oral,Invited Paper: Color Aliasing Suppression in a 3-Panel AR Display via Constrained Rendering,4,https://sid.org/Portals/5/pdf/SID-Digest/DW2026/docs/15-4.pdf,pending,,
16-1,16.1,oral,Invited Paper: High Performance and Reliable 4F2 IGZO Vertical Channel Transistor (VCT) for Advanced DRAM Cell and,4,https://sid.org/Portals/5/pdf/SID-Digest/DW2026/docs/16-1.pdf,pending,,
16-2,16.2,oral,Distinguished Paper: Subthreshold Swing Control in IGZO TFTs Using Floating-Gate Engineering for AMOLED Displays,4,https://sid.org/Portals/5/pdf/SID-Digest/DW2026/docs/16-2.pdf,pending,,
16-3,16.3,oral,Invited Paper: Recent Progress in Low-Resistance Gate Metal of LTPS TFT Devices,4,https://sid.org/Portals/5/pdf/SID-Digest/DW2026/docs/16-3.pdf,pending,,
17-1,17.1,oral,Improvement in Luminance of Active-Matrix nanoLED Display by Enhancing Anode Electrode Flatness,4,https://sid.org/Portals/5/pdf/SID-Digest/DW2026/docs/17-1.pdf,pending,,
17-2,17.2,oral,Top Emission Full Color Active Matrix Quantum Dot Light Emitting Displays Based on an Overlay Process,4,https://sid.org/Portals/5/pdf/SID-Digest/DW2026/docs/17-2.pdf,pending,,
17-3,17.3,oral,Distinguished Paper: Intense Light Treatment of Inkjet Printed Metal Oxide HIL for the Electroluminescent QD LEDs,4,https://sid.org/Portals/5/pdf/SID-Digest/DW2026/docs/17-3.pdf,pending,,
17-4,17.4,oral,Fabrication of a Full-Color Quantum Dot Display Based on Slit Coating,4,https://sid.org/Portals/5/pdf/SID-Digest/DW2026/docs/17-4.pdf,pending,,
18-1,18.1,oral,Invited Paper: Development of the 12-inch High-poi Deposition System,4,https://sid.org/Portals/5/pdf/SID-Digest/DW2026/docs/18-1.pdf,pending,,
18-2,18.2,oral,Enhanced Sputtering Process for the Characteristics of Electrode in OLEDs,4,https://sid.org/Portals/5/pdf/SID-Digest/DW2026/docs/18-2.pdf,pending,,
18-3,18.3,oral,Solderable Anisotropic Polymer Composite Materials and Their Mechanical Bonding Characteristics,4,https://sid.org/Portals/5/pdf/SID-Digest/DW2026/docs/18-3.pdf,pending,,
18-4,18.4,oral,Deep UV Femtosecond Laser Cutting Process and Its Application for Thin-film Flexible Displays Manufacturing,4,https://sid.org/Portals/5/pdf/SID-Digest/DW2026/docs/18-4.pdf,pending,,
19-1,19.1,oral,Invited Paper: A Novel Pixel Arrangement: Real RGB in OLED LTPO Display,4,https://sid.org/Portals/5/pdf/SID-Digest/DW2026/docs/19-1.pdf,pending,,
19-2,19.2,oral,Invited Paper: TCL CSOT 27inch 4K Display Using Inkjet Printing Technology,5,https://sid.org/Portals/5/pdf/SID-Digest/DW2026/docs/19-2.pdf,pending,,
19-3,19.3,oral,Improvement of Motion Blur in Low Brightness and Grayscale of OLED Display Devices,5,https://sid.org/Portals/5/pdf/SID-Digest/DW2026/docs/19-3.pdf,pending,,
19-4,19.4,oral,Suppression of Internal Reflection and Enhancement of Light Extraction in Rigid Top-Emission OLEDs Using an Index,5,https://sid.org/Portals/5/pdf/SID-Digest/DW2026/docs/19-4.pdf,pending,,
20-1,20.1,oral,Invited Paper: Advancing AR/VR: Innovative Strategies for Future Display Solutions,5,https://sid.org/Portals/5/pdf/SID-Digest/DW2026/docs/20-1.pdf,pending,,
20-2,20.2,oral,A 1512 PPI Real RGB Glassed-OLED Display for VR,5,https://sid.org/Portals/5/pdf/SID-Digest/DW2026/docs/20-2.pdf,pending,,
20-3,20.3,oral,A Study on the Design Scheme of a 2540 PPI Fast LCD for VR,5,https://sid.org/Portals/5/pdf/SID-Digest/DW2026/docs/20-3.pdf,pending,,
20-4,20.4,oral,"High-Performance Micro-OLED Technology Empowering 1,500ppi real RGB Glass-based VR Display",5,https://sid.org/Portals/5/pdf/SID-Digest/DW2026/docs/20-4.pdf,pending,,
21-1,21.1,oral,A Memory Sharing Algorithm Compensation Scheme Combining De Burn-in and Demura for OLED Displays,5,https://sid.org/Portals/5/pdf/SID-Digest/DW2026/docs/21-1.pdf,pending,,
21-2,21.2,oral,A Compression Scheme for Enhanced Demura Performance in AMOLED Displays,5,https://sid.org/Portals/5/pdf/SID-Digest/DW2026/docs/21-2.pdf,pending,,
21-3,21.3,oral,Finite-Field-Based Data Reordering with a Single-Line Memory,5,https://sid.org/Portals/5/pdf/SID-Digest/DW2026/docs/21-3.pdf,pending,,
21-4,21.4,oral,Adaptive 3D Integer DCT-Based Compression for Mura Data,5,https://sid.org/Portals/5/pdf/SID-Digest/DW2026/docs/21-4.pdf,pending,,
22-1,22.1,oral,Invited Paper: Development of a 16-inch WQXGA Display that Achieves Both Flicker-Free 1Hz Drive and High Contrast Ratio,5,https://sid.org/Portals/5/pdf/SID-Digest/DW2026/docs/22-1.pdf,pending,,
22-2,22.2,oral,Improvement Strategies for Flicker in Low Frequency LCD Displays,5,https://sid.org/Portals/5/pdf/SID-Digest/DW2026/docs/22-2.pdf,pending,,
22-3,22.3,oral,DIT Technology Applied to VA-Type TFT LCDs,5,https://sid.org/Portals/5/pdf/SID-Digest/DW2026/docs/22-3.pdf,pending,,
22-4,22.4,oral,A 65-inch WRGB Liquid Crystal Display with High Transmittance and 4K-Lossless Resolution,5,https://sid.org/Portals/5/pdf/SID-Digest/DW2026/docs/22-4.pdf,pending,,
23-1,23.1,oral,A Study on the Impact of Refresh Rate on Real-time FPS Gaming Performance,5,https://sid.org/Portals/5/pdf/SID-Digest/DW2026/docs/23-1.pdf,pending,,
23-2,23.2,oral,Dimming Flicker as an Artifact of Moving Stimulus on Full Array Local Dimming (FALD) Displays,5,https://sid.org/Portals/5/pdf/SID-Digest/DW2026/docs/23-2.pdf,pending,,
23-3,23.3,oral,"Field-Sequential Color LCD TV with Simultaneously Optimized Color Breakup, Distortion, and Flicker",5,https://sid.org/Portals/5/pdf/SID-Digest/DW2026/docs/23-3.pdf,pending,,
24-1,24.1,oral,High-Mobility Transparent Amorphous Oxide Thin Film Transistor with Excellent Stress Stability,5,https://sid.org/Portals/5/pdf/SID-Digest/DW2026/docs/24-1.pdf,pending,,
24-2,24.2,oral,"The Development of Novel Oxide Thin Film Transistors with High Mobility, Good Illuminance Stability, and High Resistibility",6,https://sid.org/Portals/5/pdf/SID-Digest/DW2026/docs/24-2.pdf,pending,,
25-1,25.1,oral,Invited Paper: Mid-Infrared LEDs Using Colloidal Quantum Dots,6,https://sid.org/Portals/5/pdf/SID-Digest/DW2026/docs/25-1.pdf,pending,,
25-2,25.2,oral,Synthesis of Cu:InP/ZnSe/ZnS Quantum Dots and Their Application in NIR Color Converter Photoresists,6,https://sid.org/Portals/5/pdf/SID-Digest/DW2026/docs/25-2.pdf,pending,,
25-3,25.3,oral,Flexible SWIR Area Sensor with PbS Quantum-Dot Photodiodes,6,https://sid.org/Portals/5/pdf/SID-Digest/DW2026/docs/25-3.pdf,pending,,
26-1,26.1,oral,Invited Paper: 14-inch 2.8K Inkjet Printed OLED Display,6,https://sid.org/Portals/5/pdf/SID-Digest/DW2026/docs/26-1.pdf,pending,,
26-2,26.2,oral,Improving Printing Stability of 1pL Inkjet Head for Mass Production of High-Resolution Display Panels,6,https://sid.org/Portals/5/pdf/SID-Digest/DW2026/docs/26-2.pdf,pending,,
26-3,26.3,oral,"A Comparative Analysis of Inkjet-Printed and Fine Metal Mask Patterned OLED Notebook Panels: Benefits, Challenges, and",6,https://sid.org/Portals/5/pdf/SID-Digest/DW2026/docs/26-3.pdf,pending,,
26-4,26.4,oral,Laminated and Heterogeneous Integration for Opto-electronics via Nano-Printing,6,https://sid.org/Portals/5/pdf/SID-Digest/DW2026/docs/26-4.pdf,pending,,
27-1,27.1,oral,Invited Paper: Unlocking the Full Potential of Next Generation OLEDs by Sensitized Fluorescence,6,https://sid.org/Portals/5/pdf/SID-Digest/DW2026/docs/27-1.pdf,pending,,
27-2,27.2,oral,Development of High Performance pTSF Devices for BT.2020 Requirements,6,https://sid.org/Portals/5/pdf/SID-Digest/DW2026/docs/27-2.pdf,pending,,
27-3,27.3,oral,Invited Paper: Enhancing OLED Efficiency through Dual Red-Emitting Materials: Insights from Kinetic Modeling,6,https://sid.org/Portals/5/pdf/SID-Digest/DW2026/docs/27-3.pdf,pending,,
27-4,27.4,oral,Novel p-Dopants for Low Lateral Leakage and High Performance,6,https://sid.org/Portals/5/pdf/SID-Digest/DW2026/docs/27-4.pdf,pending,,
28-1,28.1,oral,Invited Paper: Novel Light Field Display Technology for Commercialization,6,https://sid.org/Portals/5/pdf/SID-Digest/DW2026/docs/28-1.pdf,pending,,
28-2,28.2,oral,Full Depth-of-Field Light-Field Displays by Exploiting a New Degree of Freedom: Synthetic-Aperture Wavefront Coding,6,https://sid.org/Portals/5/pdf/SID-Digest/DW2026/docs/28-2.pdf,pending,,
28-3,28.3,oral,Fast GPU-Based Ray-Rracing Method for Designing Waveguide AR Displays,6,https://sid.org/Portals/5/pdf/SID-Digest/DW2026/docs/28-3.pdf,pending,,
28-4,28.4,oral,Ultra-Thin Pancake Lens with Curved Surface Lamination and Segmented Aspheric Elements,6,https://sid.org/Portals/5/pdf/SID-Digest/DW2026/docs/28-4.pdf,pending,,
28-5,28.5,oral,Late-News Paper: Quantized RC-LED Matrix Platform for Advanced LEDoS Microdisplay,6,https://sid.org/Portals/5/pdf/SID-Digest/DW2026/docs/28-5.pdf,pending,,
29-1,29.1,oral,Invited Paper: Single-Pin Temperature Data Transmission Between Ultrasonic Fingerprint Sensor IC and DDIC & Machine,6,https://sid.org/Portals/5/pdf/SID-Digest/DW2026/docs/29-1.pdf,pending,,
29-2,29.2,oral,Pixel-Level High-Precision IR-Drop Compensation for Multi-Scenario AMOLEDs via Image-Based Luminance Modeling,7,https://sid.org/Portals/5/pdf/SID-Digest/DW2026/docs/29-2.pdf,pending,,
29-4,29.4,oral,Hybrid a-IGZO/Si Current Mirror: Heterogeneous Integration and Electrical Performance,7,https://sid.org/Portals/5/pdf/SID-Digest/DW2026/docs/29-4.pdf,pending,,
30-1,30.1,oral,Invited Paper: Design and Fabrication of PVG Waveguides for High-Efficiency Full-Color AR Smart Glasses,7,https://sid.org/Portals/5/pdf/SID-Digest/DW2026/docs/30-1.pdf,pending,,
30-2,30.2,oral,Invited Paper: High Efficiency LCoS Laser Projector with Passive Despeckling,7,https://sid.org/Portals/5/pdf/SID-Digest/DW2026/docs/30-2.pdf,pending,,
30-3,30.3,oral,Toward Wide-Eyebox Holographic Near-Eye Displays Using Tunable Liquid Crystal Beam Deflector,7,https://sid.org/Portals/5/pdf/SID-Digest/DW2026/docs/30-3.pdf,pending,,
31-1,31.1,oral,Invited Paper: Stabilization of Perovskite Nanocrystals for Next-Generation Display,7,https://sid.org/Portals/5/pdf/SID-Digest/DW2026/docs/31-1.pdf,pending,,
31-2,31.2,oral,"Invited Paper: Controlling the Direction of Light Emission in Anisotropic Perovskite Nanoparticles Using Alignment, Fusing, and",7,https://sid.org/Portals/5/pdf/SID-Digest/DW2026/docs/31-2.pdf,pending,,
31-3,31.3,oral,Invited Paper: Stable Perovskite Quantum Dots for Liquid-Crystal Displays,7,https://sid.org/Portals/5/pdf/SID-Digest/DW2026/docs/31-3.pdf,pending,,
31-4,31.4,oral,Distinguished Paper: Polarized Emission Perovskite Nano Rod Enhancement Film for Advanced LCD Devices,7,https://sid.org/Portals/5/pdf/SID-Digest/DW2026/docs/31-4.pdf,pending,,
31-5,31.5,oral,Late-News Paper: Polymer-Enhanced Cs?Cu?I? Perovskite Scintillator Films with Improved Stability and X-Ray Imaging,7,https://sid.org/Portals/5/pdf/SID-Digest/DW2026/docs/31-5.pdf,pending,,
32-1,32.1,oral,Invited Paper: Recent Progresses in Ferroelectric Thin-Film Transistors with Oxide Semiconductor Channels,7,https://sid.org/Portals/5/pdf/SID-Digest/DW2026/docs/32-1.pdf,pending,,
32-2,32.2,oral,A New Ferroelectric TFT Structure for Micro-LED Pixel with Pulse Width Modulation,7,https://sid.org/Portals/5/pdf/SID-Digest/DW2026/docs/32-2.pdf,pending,,
33-1,33.1,oral,Monolithic GaN n-MOSFET-Micro-LED Integration as a Building Block for Complementary 2T1C Active-Matrix,7,https://sid.org/Portals/5/pdf/SID-Digest/DW2026/docs/33-1.pdf,pending,,
33-2,33.2,oral,Assembly of Micro-LED Arrays via Simultaneous Transfer and Bonding (SITRAB) Technology,7,https://sid.org/Portals/5/pdf/SID-Digest/DW2026/docs/33-2.pdf,pending,,
33-3,33.3,oral,Flexible Temperature Sensor with Colloidal Quantum Dots (CQD),7,https://sid.org/Portals/5/pdf/SID-Digest/DW2026/docs/33-3.pdf,pending,,
33-4,33.4,oral,Dual-side Transparent Micro LED Display,7,https://sid.org/Portals/5/pdf/SID-Digest/DW2026/docs/33-4.pdf,pending,,
34-1,34.1,oral,Development and Investigation of Printed Chip Interconnects Using the Example of MicroLED Pixels,7,https://sid.org/Portals/5/pdf/SID-Digest/DW2026/docs/34-1.pdf,pending,,
34-2,34.2,oral,A Manufacturing and Simulation Technology for Light-Extraction Microstructures,8,https://sid.org/Portals/5/pdf/SID-Digest/DW2026/docs/34-2.pdf,pending,,
34-3,34.3,oral,Wafer-Scale Hybrid 3D Integration of Micro-LEDs and IGZO TFTs via Simultaneous Substrate Removal and Bonding,8,https://sid.org/Portals/5/pdf/SID-Digest/DW2026/docs/34-3.pdf,pending,,
34-4,34.4,oral,"3,000 PPI Perovskite Micro Display Pixels Fabricated by Shadow Masked Thermal Co Evaporation",8,https://sid.org/Portals/5/pdf/SID-Digest/DW2026/docs/34-4.pdf,pending,,
35-1,35.1,oral,Invited Paper: Unlocking the Potential of High Efficiency Blue Phosphorescent OLEDs,8,https://sid.org/Portals/5/pdf/SID-Digest/DW2026/docs/35-1.pdf,pending,,
35-2,35.2,oral,Intelligent Color-Temperature-Adjustable Lighting Based on Novel Stacked OLEDs,8,https://sid.org/Portals/5/pdf/SID-Digest/DW2026/docs/35-2.pdf,pending,,
35-3,35.3,oral,Simulation-Assisted Analysis and Optimization of Blue PhOLED Devices,8,https://sid.org/Portals/5/pdf/SID-Digest/DW2026/docs/35-3.pdf,pending,,
35-4,35.4,oral,Exciplex-Assisted Blue Fluorescent OLEDs with Reduced Operating Voltage and Enhanced Device Efficiency,8,https://sid.org/Portals/5/pdf/SID-Digest/DW2026/docs/35-4.pdf,pending,,
36-1,36.1,oral,"Invited Paper: Analysis on Technical Development of LCoS, LEDoS, and Waveguide Used for AR Glasses",8,https://sid.org/Portals/5/pdf/SID-Digest/DW2026/docs/36-1.pdf,pending,,
36-2,36.2,oral,"Distinguished Paper: Ultracompact, on-Axis LCoS Illumination System with Local Dimming for Waveguide-Based AR Displays",8,https://sid.org/Portals/5/pdf/SID-Digest/DW2026/docs/36-2.pdf,pending,,
36-3,36.3,oral,"Invited Paper: Unlocking MicroLED’s Potential: Next-Gen BEOL Integration for Scalable, High-Performance Displays",8,https://sid.org/Portals/5/pdf/SID-Digest/DW2026/docs/36-3.pdf,pending,,
36-4,36.4,oral,Invited Paper: Direct Retinal Projection by Meta-Optic Mirror for Smart Glasses,8,https://sid.org/Portals/5/pdf/SID-Digest/DW2026/docs/36-4.pdf,pending,,
36-5,36.5,oral,Late-News Paper: High-Contrast Dual-Edge Color-Sequential Front-Lit LCOS with Local Dimming Concept for AR Glasses,8,https://sid.org/Portals/5/pdf/SID-Digest/DW2026/docs/36-5.pdf,pending,,
37-1,37.1,oral,A Novel Stress Model Compensation Method for OLED Panel to Solve Short Term Image Sticking,8,https://sid.org/Portals/5/pdf/SID-Digest/DW2026/docs/37-1.pdf,pending,,
37-2,37.2,oral,Compensation of Anode-Reset-Induced Luminance Non-Uniformity in OLED Display,8,https://sid.org/Portals/5/pdf/SID-Digest/DW2026/docs/37-2.pdf,pending,,
37-3,37.3,oral,Lifetime Compensation Scheme for Oxide Active Privacy Displays,8,https://sid.org/Portals/5/pdf/SID-Digest/DW2026/docs/37-3.pdf,pending,,
38-1,38.1,oral,New Ferroelectric Liquid Crystal suitable for LCOS and SLM with Fine Pixels,8,https://sid.org/Portals/5/pdf/SID-Digest/DW2026/docs/38-1.pdf,pending,,
38-3,38.3,oral,Fine-Tuning Parameters of Electrically Suppressed Helix Ferroelectric Liquid Crystals by Variation of Chemical Structure of,8,https://sid.org/Portals/5/pdf/SID-Digest/DW2026/docs/38-3.pdf,pending,,
38-4,38.4,oral,High Tilt ESHFLC: A New Electro-Optical Mode for High-Speed Continuous Polarization Rotation.,8,https://sid.org/Portals/5/pdf/SID-Digest/DW2026/docs/38-4.pdf,pending,,
39-1,39.1,oral,Invited Paper: Perovskite LEDs and Lasers,9,https://sid.org/Portals/5/pdf/SID-Digest/DW2026/docs/39-1.pdf,pending,,
39-2,39.2,oral,Invited Paper: Controlled Epitaxial Growth and Fabrication of Single Crystal Hybrid Halide Perovskites,9,https://sid.org/Portals/5/pdf/SID-Digest/DW2026/docs/39-2.pdf,pending,,
39-3,39.3,oral,Late-News Paper: Cold-injection Synthesis of Perovskite Nanocrystals for High-Efficiency Next-Generation Displays,9,https://sid.org/Portals/5/pdf/SID-Digest/DW2026/docs/39-3.pdf,pending,,
39-4,39.4,oral,Panel: Panel: Perovskite: Challenges and Opportunities,9,https://sid.org/Portals/5/pdf/SID-Digest/DW2026/docs/39-4.pdf,pending,,
40-1,40.1,oral,Distinguished Paper: High-Frame-Rate Display Using Short-Channel-Length Crystal IO FET on Backplane,9,https://sid.org/Portals/5/pdf/SID-Digest/DW2026/docs/40-1.pdf,pending,,
40-2,40.2,oral,Invited Paper: Advancing Oxide Thin-Film Transistors: Trends and Perspectives for Next-Generation AMOLED Displays,9,https://sid.org/Portals/5/pdf/SID-Digest/DW2026/docs/40-2.pdf,pending,,
40-3,40.3,oral,Panel: High-Mobility Oxide (HMO) TFTs,9,https://sid.org/Portals/5/pdf/SID-Digest/DW2026/docs/40-3.pdf,pending,,
41-1,41.1,oral,Invited Paper: Perovskite Quantum Dot-Based 650nm Red Light for Healthy Displays,9,https://sid.org/Portals/5/pdf/SID-Digest/DW2026/docs/41-1.pdf,pending,,
41-2,41.2,oral,Invited Paper: Highly Efficient and Stable Perovskite Light Emitting Diodes,9,https://sid.org/Portals/5/pdf/SID-Digest/DW2026/docs/41-2.pdf,pending,,
41-3,41.3,oral,Invited Paper: High-Temperature Superfluorescence in Perovskites: A New Platform for Quantum Light,9,https://sid.org/Portals/5/pdf/SID-Digest/DW2026/docs/41-3.pdf,pending,,
41-4,41.4,oral,Invited Paper: Nanostencil and Molecular-Beam Holographic Lithography for Scalable Fabrication of Submicrometer Organic,9,https://sid.org/Portals/5/pdf/SID-Digest/DW2026/docs/41-4.pdf,pending,,
42-1,42.1,oral,Analysis of Carbon Emissions in Display Circularity and Upgrades,9,https://sid.org/Portals/5/pdf/SID-Digest/DW2026/docs/42-1.pdf,pending,,
42-2,42.2,oral,Integrated Thermoplastic Multilayer Circuitry with Self-Aligned Interconnect Compensation for Automotive Cockpits,9,https://sid.org/Portals/5/pdf/SID-Digest/DW2026/docs/42-2.pdf,pending,,
42-3,42.3,oral,Stamping Application and Structural Optimization of Post-Consumer Recycled (PCR) Material Backcovers,9,https://sid.org/Portals/5/pdf/SID-Digest/DW2026/docs/42-3.pdf,pending,,
42-4,42.4,oral,Assessing Product Carbon Footprint Data Quality within the PACT Framework and Its Strategic Application for Value Chain,9,https://sid.org/Portals/5/pdf/SID-Digest/DW2026/docs/42-4.pdf,pending,,
43-1,43.1,oral,Invited Paper: Unveiling the Device Characteristics of OLEDs with the Simultaneous Measurement of the Displacement Current,9,https://sid.org/Portals/5/pdf/SID-Digest/DW2026/docs/43-1.pdf,pending,,
43-2,43.2,oral,Highly Stable and High Color-Purity Blue Phosphorescent OLEDs Based on Tetradentate Pt (II) Complex,9,https://sid.org/Portals/5/pdf/SID-Digest/DW2026/docs/43-2.pdf,pending,,
43-3,43.3,oral,The Mechanism of Thermal Instability in Low-Voltage OLED Capacitance Probed by Modulus Spectroscopy,9,https://sid.org/Portals/5/pdf/SID-Digest/DW2026/docs/43-3.pdf,pending,,
43-4,43.4,oral,The Understanding and Improvement of Luminance Overshoot on Tandem OLED Production,10,https://sid.org/Portals/5/pdf/SID-Digest/DW2026/docs/43-4.pdf,pending,,
44-1,44.1,oral,Micro OLED Display Exceeding 8000 ppi Using Crystal IO FETs,10,https://sid.org/Portals/5/pdf/SID-Digest/DW2026/docs/44-1.pdf,pending,,
44-2,44.2,oral,"150,000nits Full-color Native RGB Single Junction 3,386PPI Micro-OLED",10,https://sid.org/Portals/5/pdf/SID-Digest/DW2026/docs/44-2.pdf,pending,,
44-3,44.3,oral,Invited Paper: High-Resolution OLED Microdisplay for Near-Eye Display Applications,10,https://sid.org/Portals/5/pdf/SID-Digest/DW2026/docs/44-3.pdf,pending,,
44-4,44.4,oral,Compact and Lightweight VR Glasses using Double Path Pancake Optics,10,https://sid.org/Portals/5/pdf/SID-Digest/DW2026/docs/44-4.pdf,pending,,
45-1,45.1,oral,LTPO TFT-Based Micro-LED PWM Pixel Circuit with Compact Feedback and VTH Compensation for Enhanced Low-Gray,10,https://sid.org/Portals/5/pdf/SID-Digest/DW2026/docs/45-1.pdf,pending,,
45-2,45.2,oral,Oxide-based Micro-LED Pixel Circuit Employing a Nonlinear Ramp Sweep Generator for Enhanced Low Gray-Level Resolution,10,https://sid.org/Portals/5/pdf/SID-Digest/DW2026/docs/45-2.pdf,pending,,
45-3,45.3,oral,Micro-LED Driving Circuit with TFT and Supply Voltage Compensation for Improved Luminance Uniformity Using Multi-,10,https://sid.org/Portals/5/pdf/SID-Digest/DW2026/docs/45-3.pdf,pending,,
45-4,45.4,oral,A New Progressive Digital PWM Driving Method for Micro-LED Displays,10,https://sid.org/Portals/5/pdf/SID-Digest/DW2026/docs/45-4.pdf,pending,,
46-1,46.1,oral,Invited Paper: Optical Multi-Parameter Analyzer: Versatile Measurement Platform for Liquid Crystal Materials and Devices,10,https://sid.org/Portals/5/pdf/SID-Digest/DW2026/docs/46-1.pdf,pending,,
46-2,46.2,oral,Polarization-Independent Hybrid Nematic Liquid Crystal Grating for Phase Modulation,10,https://sid.org/Portals/5/pdf/SID-Digest/DW2026/docs/46-2.pdf,pending,,
46-3,46.3,oral,Liquid Crystal Based Neutral Density Filter with High Contrast and Low Angular Dependency,10,https://sid.org/Portals/5/pdf/SID-Digest/DW2026/docs/46-3.pdf,pending,,
46-4,46.4,oral,Research on Dye-doped Liquid Crystal Dimming Technology for Electronic Neutral Density Filter,10,https://sid.org/Portals/5/pdf/SID-Digest/DW2026/docs/46-4.pdf,pending,,
47-1,47.1,oral,Invited Paper: Glass Core Substrates – Advanced Packaging Pivot driving future AI and HPC Chip Performance,10,https://sid.org/Portals/5/pdf/SID-Digest/DW2026/docs/47-1.pdf,pending,,
47-2,47.2,oral,Study of ultra-fine Redistribution Layers based on Hybrid Glass Substrate,10,https://sid.org/Portals/5/pdf/SID-Digest/DW2026/docs/47-2.pdf,pending,,
47-3,47.3,oral,"Invited Paper: Technological Development of Next-Generation 2.5D/2.xD Packages, Panel-Level Interposers, and Related",10,https://sid.org/Portals/5/pdf/SID-Digest/DW2026/docs/47-3.pdf,pending,,
47-4,47.4,oral,Invited Paper: Optimization of Glass Core Substrate Design for Energy-Efficient High-Density AI Server Packages,10,https://sid.org/Portals/5/pdf/SID-Digest/DW2026/docs/47-4.pdf,pending,,
48-1,48.1,oral,Invited Paper: A Study on GOA Driver Circuit for OLED Display,11,https://sid.org/Portals/5/pdf/SID-Digest/DW2026/docs/48-1.pdf,pending,,
48-2,48.2,oral,Development of 12.7inch 2.8K AMOLED Panel Using Fully High Mobility Oxide TFTs which can Realize 240Hz Refresh Rate,11,https://sid.org/Portals/5/pdf/SID-Digest/DW2026/docs/48-2.pdf,pending,,
48-3,48.3,oral,The First Low-Power Consumption Liquid Crystal Display Panel Based on Dynamic Local Refresh Strategy of 1-120 Hz,11,https://sid.org/Portals/5/pdf/SID-Digest/DW2026/docs/48-3.pdf,pending,,
48-4,48.4,oral,"A Gen-8.6-Fabricated, High-Performance Hybrid Full-Oxide Backplane for Inkjet-Printed OLED Displays",11,https://sid.org/Portals/5/pdf/SID-Digest/DW2026/docs/48-4.pdf,pending,,
49-1,49.1,oral,Invited Paper: Perovskite vs. InP Quantum Dots: Synthesis and Prospects as Classical and Quantum Emitters,11,https://sid.org/Portals/5/pdf/SID-Digest/DW2026/docs/49-1.pdf,pending,,
49-2,49.2,oral,"Invited Paper: Ultra-Stable, Solution-Processable Perovskite@SiO? Nanospheres via High-Temperature Confined Synthesis",11,https://sid.org/Portals/5/pdf/SID-Digest/DW2026/docs/49-2.pdf,pending,,
49-3,49.3,oral,Invited Paper: Distinguished Paper: High-Optical Density Perovskite Color Converters for MicroLED Microdisplays,11,https://sid.org/Portals/5/pdf/SID-Digest/DW2026/docs/49-3.pdf,pending,,
49-4,49.4,oral,Synthesis of Pure-Red-Emission Perovskite Quantum Dots with High Color Purity by A-Site Exchange with Lecithin for Display,11,https://sid.org/Portals/5/pdf/SID-Digest/DW2026/docs/49-4.pdf,pending,,
50-1,50.1,oral,PFAS-Free Anti-Fingerprint Coatings for Automotive Display,11,https://sid.org/Portals/5/pdf/SID-Digest/DW2026/docs/50-1.pdf,pending,,
50-2,50.2,oral,Implementation of Eco-Friendly Display Technology Through Sustainable PET Materials,11,https://sid.org/Portals/5/pdf/SID-Digest/DW2026/docs/50-2.pdf,pending,,
50-3,50.3,oral,Non-Toxic Solvent Formulation and Waveform Optimization for Highly Uniform Inkjet-Printed OLED EMLs,11,https://sid.org/Portals/5/pdf/SID-Digest/DW2026/docs/50-3.pdf,pending,,
50-4,50.4,oral,High Transparent Polyimide with NMP Free Solvent for AMOLED Display Substrate,11,https://sid.org/Portals/5/pdf/SID-Digest/DW2026/docs/50-4.pdf,pending,,
51-1,51.1,oral,Invited Paper: From Displays to Data Links: High-Speed OLEDs for Visible Light Communication,11,https://sid.org/Portals/5/pdf/SID-Digest/DW2026/docs/51-1.pdf,pending,,
51-2,51.2,oral,Engineering OLED Device Structures for Enhancing the Purcell Effect,11,https://sid.org/Portals/5/pdf/SID-Digest/DW2026/docs/51-2.pdf,pending,,
51-3,51.3,oral,Efficiency and Lifetime Enhancement Way of Phosphorescent OLEDs via Reducing Surface Plasmon Loss by Additional,11,https://sid.org/Portals/5/pdf/SID-Digest/DW2026/docs/51-3.pdf,pending,,
51-4,51.4,oral,Late-News Paper: High Brightness SXGA Resolution Directly Patterned RGB Tandem OLED Microdisplay,11,https://sid.org/Portals/5/pdf/SID-Digest/DW2026/docs/51-4.pdf,pending,,
52-1,52.1,oral,Invited Paper: Large-Area Metasurfaces for Extended Reality Systems,11,https://sid.org/Portals/5/pdf/SID-Digest/DW2026/docs/52-1.pdf,pending,,
52-2,52.2,oral,Invited Paper: Fast and Reliable Optical Simulation and Structural Optimization of Metasurfaces for XR Displays,11,https://sid.org/Portals/5/pdf/SID-Digest/DW2026/docs/52-2.pdf,pending,,
52-3,52.3,oral,Invited Paper: 1-Micron Pixel Metasurface Liquid Crystal on Silicon (M-LCoS) Technology for AR Displays and Holographic,11,https://sid.org/Portals/5/pdf/SID-Digest/DW2026/docs/52-3.pdf,pending,,
52-4,52.4,oral,Invited Paper: Metasurface- Integrated Augmented Reality Waveguide Enabled by Resolution Enhancement Technology in KrF,11,https://sid.org/Portals/5/pdf/SID-Digest/DW2026/docs/52-4.pdf,pending,,
52-5,52.5,oral,High-Efficiency Achromatic Metasurface Waveguides for Full-Color Augmented Reality Displays via KrF Photolithography,12,https://sid.org/Portals/5/pdf/SID-Digest/DW2026/docs/52-5.pdf,pending,,
53-1,53.1,oral,Analog-PWM Micro-LED Pixel Circuit Featuring VTH and VDD I-R Drop Compensation with a Positive-Feedback Fast-Rising,12,https://sid.org/Portals/5/pdf/SID-Digest/DW2026/docs/53-1.pdf,pending,,
53-2,53.2,oral,Driver Circuit to Generate Sweep Signal Using TFT-Based Charge Pump for Micro LED Displays,12,https://sid.org/Portals/5/pdf/SID-Digest/DW2026/docs/53-2.pdf,pending,,
53-3,53.3,oral,Integrated Driver Circuit to Generate Sweep and Emission Signals Employing Current Program Method,12,https://sid.org/Portals/5/pdf/SID-Digest/DW2026/docs/53-3.pdf,pending,,
53-4,53.4,oral,Research on New Hybrid Driving Mode Based on Micro LED in High-Brightness Applications,12,https://sid.org/Portals/5/pdf/SID-Digest/DW2026/docs/53-4.pdf,pending,,
54-1,54.1,oral,Dual View Display Technology for Enhanced Cockpit Usability,12,https://sid.org/Portals/5/pdf/SID-Digest/DW2026/docs/54-1.pdf,pending,,
54-2,54.2,oral,Novel P-polarized Light Reflection Screen for AR-HUD with Wide Field of View,12,https://sid.org/Portals/5/pdf/SID-Digest/DW2026/docs/54-2.pdf,pending,,
54-3,54.3,oral,Invited Paper: Ultra Low Specular Reflection LCD with High Visibility for Next Generation Automotive Applications,12,https://sid.org/Portals/5/pdf/SID-Digest/DW2026/docs/54-3.pdf,pending,,
55-1,55.1,oral,Integrated Through Glass Via (TGV) Technology for Advanced Co-Packaged Optics (CPO) Development,12,https://sid.org/Portals/5/pdf/SID-Digest/DW2026/docs/55-1.pdf,pending,,
55-2,55.2,oral,Glass-Silicon Heterogeneous Integration for System-in-Package of MEMS Differential Pressure Sensors,12,https://sid.org/Portals/5/pdf/SID-Digest/DW2026/docs/55-2.pdf,pending,,
55-3,55.3,oral,TFT Display-compatible Fabrication of Low-insertion-loss Radio Frequency Micro-electro-mechanical Systems Switches on,12,https://sid.org/Portals/5/pdf/SID-Digest/DW2026/docs/55-3.pdf,pending,,
55-4,55.4,oral,Invited Paper: Heterogeneous Integrated Glass Substrate for Phased Array Antenna in Satellite Communication,12,https://sid.org/Portals/5/pdf/SID-Digest/DW2026/docs/55-4.pdf,pending,,
56-1,56.1,oral,Invited Paper: The New CMOS GOA Circuit with Partitioned Frequency Division Function in AMOLED,12,https://sid.org/Portals/5/pdf/SID-Digest/DW2026/docs/56-1.pdf,pending,,
56-2,56.2,oral,Design Scheme of LTPS Pixel Circuit for Enhanced Threshold Compensation of Driving TFT,12,https://sid.org/Portals/5/pdf/SID-Digest/DW2026/docs/56-2.pdf,pending,,
56-3,56.3,oral,Novel Double Rate Driving Pixel Structure for High-Performance 4K 165Hz OLED TVs with Reduced Number of Source Driver,12,https://sid.org/Portals/5/pdf/SID-Digest/DW2026/docs/56-3.pdf,pending,,
56-4,56.4,oral,Late-News Paper: An Embedded Gate Driver Architecture for Scalable Large-Area OLED Displays,12,https://sid.org/Portals/5/pdf/SID-Digest/DW2026/docs/56-4.pdf,pending,,
57-1,57.1,oral,Invited Paper: Metasurface Thin-Film Wavefront Control for High-Performance Augmented-Reality Waveguide Displays,13,https://sid.org/Portals/5/pdf/SID-Digest/DW2026/docs/57-1.pdf,pending,,
57-2,57.2,oral,Invited Paper: Taking OLED Microdisplays to the Next Level,13,https://sid.org/Portals/5/pdf/SID-Digest/DW2026/docs/57-2.pdf,pending,,
57-3,57.3,oral,Light Extraction Concepts for Displays Using Quantum Dot Color Converters (QD-CC),13,https://sid.org/Portals/5/pdf/SID-Digest/DW2026/docs/57-3.pdf,pending,,
57-4,57.4,oral,Invited Paper: Spectrally Selective Reflecting Element for Increased Efficiency in Remote Color-Conversion Liquid Crystal,13,https://sid.org/Portals/5/pdf/SID-Digest/DW2026/docs/57-4.pdf,pending,,
58-1,58.1,oral,Segment-Aware Anomaly Transformer (SegAT) for Dry Pump Waveform Anomaly Detection in OLED Photolithography,13,https://sid.org/Portals/5/pdf/SID-Digest/DW2026/docs/58-1.pdf,pending,,
58-2,58.2,oral,A Dual-Tower Transfer Learning Strategy for Precise Classification of Extremely Imbalanced LCD Aging Defect Data,13,https://sid.org/Portals/5/pdf/SID-Digest/DW2026/docs/58-2.pdf,pending,,
58-3,58.3,oral,Large Model-Based Defect Detection and Repair Methods for the Display Industry,13,https://sid.org/Portals/5/pdf/SID-Digest/DW2026/docs/58-3.pdf,pending,,
58-4,58.4,oral,Real-Time Consumption Scheduling Engine with Reinforcement Learning for Display Manufacturing,13,https://sid.org/Portals/5/pdf/SID-Digest/DW2026/docs/58-4.pdf,pending,,
59-1,59.1,oral,Invited Paper: Recent Advances in Boron-based MR-TADF Materials,13,https://sid.org/Portals/5/pdf/SID-Digest/DW2026/docs/59-1.pdf,pending,,
59-2,59.2,oral,Hybridized Charge Transfer MR-TADF for High Efficiency Over 33% in Deep-Blue Narrowband OLEDs,13,https://sid.org/Portals/5/pdf/SID-Digest/DW2026/docs/59-2.pdf,pending,,
59-3,59.3,oral,Distinguished Paper: High-Efficiency and Long-Lifetime Narrowband Green MR-TADF OLEDs Enabled by Distinct Molecular,13,https://sid.org/Portals/5/pdf/SID-Digest/DW2026/docs/59-3.pdf,pending,,
59-4,59.4,oral,Universal Approach to Achieve Low Index HTL for OLEDs,13,https://sid.org/Portals/5/pdf/SID-Digest/DW2026/docs/59-4.pdf,pending,,
60-1,60.1,oral,Invited Paper: Physics-Grounded Visual World Generation,13,https://sid.org/Portals/5/pdf/SID-Digest/DW2026/docs/60-1.pdf,pending,,
60-2,60.2,oral,Invited Paper: Artificial Intelligence-Based Holographic Glasses,13,https://sid.org/Portals/5/pdf/SID-Digest/DW2026/docs/60-2.pdf,pending,,
60-3,60.3,oral,Distinguished Paper: A Method for Generating New Viewpoints in Monocular Images Based on Diffusion Models,13,https://sid.org/Portals/5/pdf/SID-Digest/DW2026/docs/60-3.pdf,pending,,
60-4,60.4,oral,"Invited Paper: Revisiting Hologram Generation, Compression, and Display with AI-Empowered Computational Techniques",13,https://sid.org/Portals/5/pdf/SID-Digest/DW2026/docs/60-4.pdf,pending,,
61-1,61.1,oral,Invited Paper: OLEDs for Automotive Lighting,13,https://sid.org/Portals/5/pdf/SID-Digest/DW2026/docs/61-1.pdf,pending,,
61-2,61.2,oral,Invited Paper: Driving Visual Innovation: GMSL’s Contribution to State-of-the-Art Automotive Displays,13,https://sid.org/Portals/5/pdf/SID-Digest/DW2026/docs/61-2.pdf,pending,,
61-3,61.3,oral,Hidden Display Structure Utilizing Micro-LEDs,13,https://sid.org/Portals/5/pdf/SID-Digest/DW2026/docs/61-3.pdf,pending,,
61-4,61.4,oral,Luminance Boosted MicroLED Head-up Display By “Smart Micro-lens” Design,13,https://sid.org/Portals/5/pdf/SID-Digest/DW2026/docs/61-4.pdf,pending,,
62-1,62.1,oral,Invited Paper: SA-VA – Technology for Next Generation TV LCDs,14,https://sid.org/Portals/5/pdf/SID-Digest/DW2026/docs/62-1.pdf,pending,,
62-2,62.2,oral,Novel Liquid Crystal Materials for Achieving the Shortest UV2 Process of Polymer-stabilized Vertically Aligned Liquid Crystal,14,https://sid.org/Portals/5/pdf/SID-Digest/DW2026/docs/62-2.pdf,pending,,
62-3,62.3,oral,New Monomolecular Photo-Rewritable Material and Simulation Study of Surface Behavior,14,https://sid.org/Portals/5/pdf/SID-Digest/DW2026/docs/62-3.pdf,pending,,
62-4,62.4,oral,The Study on HVA Dual PI Less Alignment,14,https://sid.org/Portals/5/pdf/SID-Digest/DW2026/docs/62-4.pdf,pending,,
63-1,63.1,oral,Invited Paper: Display Light Characteristics and Health: An Overview,14,https://sid.org/Portals/5/pdf/SID-Digest/DW2026/docs/63-1.pdf,pending,,
63-2,63.2,oral,Invited Paper: The Natural Human Construction of Multiple Image Stereopsis From A Stanhope Lightfield Array to Correct,14,https://sid.org/Portals/5/pdf/SID-Digest/DW2026/docs/63-2.pdf,pending,,
63-3,63.3,oral,Displays as Ambient Light Therapy: Health and Wellness Through Invisible NIR Integration,14,https://sid.org/Portals/5/pdf/SID-Digest/DW2026/docs/63-3.pdf,pending,,
64-1,64.1,oral,Invited Paper: Ultra-Flexible and Breathable Electronics for Sensing Application,14,https://sid.org/Portals/5/pdf/SID-Digest/DW2026/docs/64-1.pdf,pending,,
64-2,64.2,oral,Invited Paper: Electrically and Optically Programmable Neuromorphic Synapses Based on IGZO-Oxide FeTFT and Resistive,14,https://sid.org/Portals/5/pdf/SID-Digest/DW2026/docs/64-2.pdf,pending,,
64-3,64.3,oral,Invited Paper: Low-Voltage Organic Thin-Film Transistors and Neuromorphic Devices Enabled by High-k Polymer Dielectrics,14,https://sid.org/Portals/5/pdf/SID-Digest/DW2026/docs/64-3.pdf,pending,,
65-1,65.1,oral,Invited Paper: Beyond Image Quality: Violet-Light–Enabled Displays for Visual Health,14,https://sid.org/Portals/5/pdf/SID-Digest/DW2026/docs/65-1.pdf,pending,,
65-2,65.2,oral,Eye Comfort in LED Displays: Challenges and Solutions,14,https://sid.org/Portals/5/pdf/SID-Digest/DW2026/docs/65-2.pdf,pending,,
65-3,65.3,oral,Panel: Health Effects of Emissive Color in Displays,14,https://sid.org/Portals/5/pdf/SID-Digest/DW2026/docs/65-3.pdf,pending,,
66-1,66.1,oral,Research on Residual Characteristics of Low-Temperature Curable Black Matrix for COE Technology Applied in OLED,14,https://sid.org/Portals/5/pdf/SID-Digest/DW2026/docs/66-1.pdf,pending,,
66-2,66.2,oral,"A Novel Color-Tunable, BM-Free COE Design Using a Gray Overcoat for Simplified Manufacturing",14,https://sid.org/Portals/5/pdf/SID-Digest/DW2026/docs/66-2.pdf,pending,,
66-3,66.3,oral,Enhancement of AMOLED Display Performance and Lightweight-Thin Design Based on COE Technology,14,https://sid.org/Portals/5/pdf/SID-Digest/DW2026/docs/66-3.pdf,pending,,
67-1,67.1,oral,"Invited Paper: Recent Developments in OLED Materials for High Efficiency, Long lifetime, and Wide Color Gamut",15,https://sid.org/Portals/5/pdf/SID-Digest/DW2026/docs/67-1.pdf,pending,,
67-2,67.2,oral,Invited Paper: A Self-Powered Display Technology: Breaking the Efficiency Trade-off in Electroluminescence and Photovoltaics,15,https://sid.org/Portals/5/pdf/SID-Digest/DW2026/docs/67-2.pdf,pending,,
67-3,67.3,oral,"Highly Efficient, Stable Blue MR-TADF Emitters with High Color Purity for Next-Generation Display Applications",15,https://sid.org/Portals/5/pdf/SID-Digest/DW2026/docs/67-3.pdf,pending,,
67-4,67.4,oral,Beyond Conventional EILs with NCEIL-4 for Next-Generation High-Performance OLEDs,15,https://sid.org/Portals/5/pdf/SID-Digest/DW2026/docs/67-4.pdf,pending,,
68-1,68.1,oral,High-Throughput Detection and Inspection of Through Glass Vias with Deep Learning-Assisted Holographic Optical Metrology,15,https://sid.org/Portals/5/pdf/SID-Digest/DW2026/docs/68-1.pdf,pending,,
68-2,68.2,oral,Research on AI Agent in the Display Industry,15,https://sid.org/Portals/5/pdf/SID-Digest/DW2026/docs/68-2.pdf,pending,,
68-3,68.3,oral,A Unified Incremental Learning Object Detection Framework For Display Industry,15,https://sid.org/Portals/5/pdf/SID-Digest/DW2026/docs/68-3.pdf,pending,,
68-4,68.4,oral,An Automated Compensation Method for Fine Stripes of LCD Modules Based on Computer Vision,15,https://sid.org/Portals/5/pdf/SID-Digest/DW2026/docs/68-4.pdf,pending,,
69-1,69.1,oral,Comparison of Perceived Brightness and Colorfulness for Different (Automotive) Display Technologies by Helmholtz-,15,https://sid.org/Portals/5/pdf/SID-Digest/DW2026/docs/69-1.pdf,pending,,
69-2,69.2,oral,Display Simulation Model-based Backlight Optimization and Compensation for Enhanced Picture Quality FALD Displays,15,https://sid.org/Portals/5/pdf/SID-Digest/DW2026/docs/69-2.pdf,pending,,
69-3,69.3,oral,Polarization Accurate Simulations of Complex Multilayer Optical Films for Automotive Display Systems,15,https://sid.org/Portals/5/pdf/SID-Digest/DW2026/docs/69-3.pdf,pending,,
69-4,69.4,oral,Eliminating Sunlight Backflow in AR-HUDs Through a Faraday Rotator Under the Étendue Constraint,15,https://sid.org/Portals/5/pdf/SID-Digest/DW2026/docs/69-4.pdf,pending,,
70-1,70.1,oral,Analysis of the Illumination Method and Ghost Image in High-Brightness Single-Panel LCD Projection Optical System,15,https://sid.org/Portals/5/pdf/SID-Digest/DW2026/docs/70-1.pdf,pending,,
70-2,70.2,oral,High-Resolution LCOS Backplane of High Contrast Grating Achieves High Brightness Display,15,https://sid.org/Portals/5/pdf/SID-Digest/DW2026/docs/70-2.pdf,pending,,
70-3,70.3,oral,Laser Beam Scanner Achieving Wide Field of View of 77 degrees by Using a Pair of Parabolic Reflective Lenses Between MEMS,15,https://sid.org/Portals/5/pdf/SID-Digest/DW2026/docs/70-3.pdf,pending,,
70-4,70.4,oral,Eyebox Brightening and Expansion in AR Waveguide Devices via Polarization Multiplexing,15,https://sid.org/Portals/5/pdf/SID-Digest/DW2026/docs/70-4.pdf,pending,,
71-1,71.1,oral,Invited Paper: Quantum Dot Optoelectronics for Biomedical Implants,15,https://sid.org/Portals/5/pdf/SID-Digest/DW2026/docs/71-1.pdf,pending,,
71-2,71.2,oral,Invited Paper: All-Inorganic CsPbBr3 Perovskite for Next-Generation Direct X-Ray Image Sensors: A Comprehensive Review,15,https://sid.org/Portals/5/pdf/SID-Digest/DW2026/docs/71-2.pdf,pending,,
71-3,71.3,oral,Bioinspired RBC Nanocarriers Co-Loaded with NIR Fluorophore and Paramagnetic Agent for Multimodal Imaging,15,https://sid.org/Portals/5/pdf/SID-Digest/DW2026/docs/71-3.pdf,pending,,
71-4,71.4,oral,Flexible Quantum Dot Light-Emitting Diodes for Antimicrobial Photodynamic Therapy,16,https://sid.org/Portals/5/pdf/SID-Digest/DW2026/docs/71-4.pdf,pending,,
71-5,71.5,oral,Distinguished Paper: High-Performance Flexible Conformal Quantum-Dot Light-Emitting Diodes for Photodynamic Therapy,16,https://sid.org/Portals/5/pdf/SID-Digest/DW2026/docs/71-5.pdf,pending,,
72-1,72.1,oral,Invited Paper: A Study on Color-Sequential Tandem Driving Method for Reducing Power Consumption in Micro-LED Displays,16,https://sid.org/Portals/5/pdf/SID-Digest/DW2026/docs/72-1.pdf,pending,,
72-2,72.2,oral,Invited Paper: Eutectic-Free MicroLED and OTFT Integration: A Scalable Solution Across Display Generations,16,https://sid.org/Portals/5/pdf/SID-Digest/DW2026/docs/72-2.pdf,pending,,
72-3,72.3,oral,Panel: Micro-LED Displays,16,https://sid.org/Portals/5/pdf/SID-Digest/DW2026/docs/72-3.pdf,pending,,
73-1,73.1,oral,New Trends in Circular and Sustainable Design: Green Revolution of Display Packaging,16,https://sid.org/Portals/5/pdf/SID-Digest/DW2026/docs/73-1.pdf,pending,,
73-2,73.2,oral,Green Packaging Material for the LCD Panel Industry Development and Application of 100% PCR EPS Eco-Friendly New,16,https://sid.org/Portals/5/pdf/SID-Digest/DW2026/docs/73-2.pdf,pending,,
73-3,73.3,oral,Research on Simulation and Optimization of LCD Panel Splicing Box Packaging for Improving Transportation Loading Rate,16,https://sid.org/Portals/5/pdf/SID-Digest/DW2026/docs/73-3.pdf,pending,,
74-1,74.1,oral,Control of the Shadow Mura in AMOLED Displays,16,https://sid.org/Portals/5/pdf/SID-Digest/DW2026/docs/74-1.pdf,pending,,
74-2,74.2,oral,"A Study on Low-Brightness Color Shift and Mura in AMOLED LTPO Displays under Full DC Dimming-Challenges, Modeling,",16,https://sid.org/Portals/5/pdf/SID-Digest/DW2026/docs/74-2.pdf,pending,,
74-3,74.3,oral,Distinguished Paper: 8.3-inch 1058-ppi Crystal Indium Oxide Display with Side-by-side Method Using Fine Metal Mask and,16,https://sid.org/Portals/5/pdf/SID-Digest/DW2026/docs/74-3.pdf,pending,,
75-1,75.1,oral,Invited Paper: Spontaneous Orientation Polarization in Organic Optoelectronics,16,https://sid.org/Portals/5/pdf/SID-Digest/DW2026/docs/75-1.pdf,pending,,
75-2,75.2,oral,Preventing Display Artifacts: The Advantage of Mixtures and Combinations,16,https://sid.org/Portals/5/pdf/SID-Digest/DW2026/docs/75-2.pdf,pending,,
75-3,75.3,oral,Reflectance Differences in OLED COE Structure with Mg/Ag and Transparent Cathodes: A Comparative and Mechanistic,16,https://sid.org/Portals/5/pdf/SID-Digest/DW2026/docs/75-3.pdf,pending,,
75-4,75.4,oral,New Simulation Software for Power- and Color-Optimized Subpixel Layouts in Advanced Display Technologies,16,https://sid.org/Portals/5/pdf/SID-Digest/DW2026/docs/75-4.pdf,pending,,
76-1,76.1,oral,LLM-based Dynamic Hierarchical RL for Display Manufacturing,16,https://sid.org/Portals/5/pdf/SID-Digest/DW2026/docs/76-1.pdf,pending,,
76-2,76.2,oral,Multi-Fidelity Digital Twin Framework with AI Optimization for OLED Manufacturing,16,https://sid.org/Portals/5/pdf/SID-Digest/DW2026/docs/76-2.pdf,pending,,
76-3,76.3,oral,A Heterogeneous Mixture of Expert Model Based on Anisotropic Filtering and Its Application in Display Manufacturing,16,https://sid.org/Portals/5/pdf/SID-Digest/DW2026/docs/76-3.pdf,pending,,
76-4,76.4,oral,Invited Paper: Toward Robust Anomaly Detection for Real-World Display Inspection,17,https://sid.org/Portals/5/pdf/SID-Digest/DW2026/docs/76-4.pdf,pending,,
77-2,77.2,oral,Invited Paper: High-Resolution Automotive Light-Field Head-Up Display with Eye-Tracking,17,https://sid.org/Portals/5/pdf/SID-Digest/DW2026/docs/77-2.pdf,pending,,
77-3,77.3,oral,A Two-Stage Optical Design Methodology for an Eyebox-Expanded 3D AR-HUD,17,https://sid.org/Portals/5/pdf/SID-Digest/DW2026/docs/77-3.pdf,pending,,
77-4,77.4,oral,Dual-SLM Tiled Holographic HUD with Dammann Grating for Wide Eye-box,17,https://sid.org/Portals/5/pdf/SID-Digest/DW2026/docs/77-4.pdf,pending,,
78-1,78.1,oral,Invited Paper: Real-Time Holographic Media System Using CGH Processor,17,https://sid.org/Portals/5/pdf/SID-Digest/DW2026/docs/78-1.pdf,pending,,
78-2,78.2,oral,Invited Paper: Study of Human Visual Characteristics in Holographic Near-Eye Displays,17,https://sid.org/Portals/5/pdf/SID-Digest/DW2026/docs/78-2.pdf,pending,,
78-3,78.3,oral,Distinguished Paper: Thin Maxwellian Virtual Reality Near-Eye Display Using Holographic Optical Element and Micro Lens,17,https://sid.org/Portals/5/pdf/SID-Digest/DW2026/docs/78-3.pdf,pending,,
78-4,78.4,oral,3D Eyebox Expansion for Pupil-aware Holographic Displays via Multi-Source Illumination,17,https://sid.org/Portals/5/pdf/SID-Digest/DW2026/docs/78-4.pdf,pending,,
79-1,79.1,oral,Distinguished Paper: Perceptually Flicker-Free Transparent White OLEDs via 40 Hz Chromatic Modulation,17,https://sid.org/Portals/5/pdf/SID-Digest/DW2026/docs/79-1.pdf,pending,,
79-2,79.2,oral,The OLED with an Extremely Low Proportion of Harmful Blue Light and Excellent Viewing Angle Performance,17,https://sid.org/Portals/5/pdf/SID-Digest/DW2026/docs/79-2.pdf,pending,,
79-3,79.3,oral,An Universal Approach to Minimizing the Ratio of Harmful Blue Light in OLEDs by Modification of POL Structure,17,https://sid.org/Portals/5/pdf/SID-Digest/DW2026/docs/79-3.pdf,pending,,
80-1,80.1,oral,Invited Paper: Enhanced Low-Temperature Mechanical Reliability of Foldable Screen,17,https://sid.org/Portals/5/pdf/SID-Digest/DW2026/docs/80-1.pdf,pending,,
80-2,80.2,oral,Invited Paper: A Quantitative Assessment for Foldable Screen Crease Correlated with Visual Perception Metrics,17,https://sid.org/Portals/5/pdf/SID-Digest/DW2026/docs/80-2.pdf,pending,,
80-3,80.3,oral,Surface-segregated Nanodomains for a Fast Room-temperature Self-healing Elastomer with Exceptional Scratch and Chemical,17,https://sid.org/Portals/5/pdf/SID-Digest/DW2026/docs/80-3.pdf,pending,,
80-4,80.4,oral,Research on the Rigid-Flexible Coupling Model for Multi-Objective Optimization of Flexible AMOLED Module and Foldable,17,https://sid.org/Portals/5/pdf/SID-Digest/DW2026/docs/80-4.pdf,pending,,
81-1,81.1,oral,Recent Progress in Inkjet-Printed Electroluminescent Quantum-Dot Displays: Lifetime Enhancement Through Material and,17,https://sid.org/Portals/5/pdf/SID-Digest/DW2026/docs/81-1.pdf,pending,,
81-2,81.2,oral,High-Performance Flexible CQD/IGZO Phototransistors for Real-Time SWIR Imaging,17,https://sid.org/Portals/5/pdf/SID-Digest/DW2026/docs/81-2.pdf,pending,,
81-3,81.3,oral,Hybrid Circularly Polarized LED via a Chiral Perovskite Transport Layer,17,https://sid.org/Portals/5/pdf/SID-Digest/DW2026/docs/81-3.pdf,pending,,
81-4,81.4,oral,Research on High-Transmittance Hidden Display of Micro LED,18,https://sid.org/Portals/5/pdf/SID-Digest/DW2026/docs/81-4.pdf,pending,,
82-1,82.1,oral,Effects of the Conduction Properties of Donor Metal Plates on the Plane-Source Deposition Process of OLEDs,18,https://sid.org/Portals/5/pdf/SID-Digest/DW2026/docs/82-1.pdf,pending,,
82-2,82.2,oral,Research on the Design and Application of Integrated Cover,18,https://sid.org/Portals/5/pdf/SID-Digest/DW2026/docs/82-2.pdf,pending,,
82-3,82.3,oral,Invited Paper: ViP Technology for Mask Less OLED: Mass Production Readiness and Future Applications on Gen 8.6 Lines,18,https://sid.org/Portals/5/pdf/SID-Digest/DW2026/docs/82-3.pdf,pending,,
83-1,83.1,oral,Accelerating Optoelectronic Innovation via Integrating Machine Learning and Physics-Based Modeling,18,https://sid.org/Portals/5/pdf/SID-Digest/DW2026/docs/83-1.pdf,pending,,
83-2,83.2,oral,Sync-OLED–Enabled Physics-Informed AI for High-Throughput Screening of OLED Stacks,18,https://sid.org/Portals/5/pdf/SID-Digest/DW2026/docs/83-2.pdf,pending,,
83-3,83.3,oral,Accelerated Inverse Design Framework for High Efficiency RGB Tandem OLEDs via Physics Embedded General Artificial,18,https://sid.org/Portals/5/pdf/SID-Digest/DW2026/docs/83-3.pdf,pending,,
83-4,83.4,oral,Distinguished Paper: Enabling Next-Generation OLEDs-A Revolutionary AI-Driven Model for Geometric Optical Design,18,https://sid.org/Portals/5/pdf/SID-Digest/DW2026/docs/83-4.pdf,pending,,
84-1,84.1,oral,Attention-Guided Large Vision Models for Data-Efficient Display Defect Detection,18,https://sid.org/Portals/5/pdf/SID-Digest/DW2026/docs/84-1.pdf,pending,,
84-2,84.2,oral,Invited Paper: From General AI Agents to a Domain-Adapted Co-Scientist: A Framework for Solving Complex Reliability,18,https://sid.org/Portals/5/pdf/SID-Digest/DW2026/docs/84-2.pdf,pending,,
84-3,84.3,oral,Visual Chain-of-Thought Reasoning for Display Industrial Defect Management Based on Vision-Language Models,18,https://sid.org/Portals/5/pdf/SID-Digest/DW2026/docs/84-3.pdf,pending,,
84-4,84.4,oral,Invited Paper: Fine-grained Action Detection in Visual HCI with Spatial Mask Video Foundation Models,18,https://sid.org/Portals/5/pdf/SID-Digest/DW2026/docs/84-4.pdf,pending,,
85-3,85.3,oral,Lens-Based CGEI Algorithm with GPU Acceleration for Integral Imaging Light-Field Displays System,18,https://sid.org/Portals/5/pdf/SID-Digest/DW2026/docs/85-3.pdf,pending,,
85-4,85.4,oral,Distinguished Paper: Accelerated CGH Generation for AR Head-Up Display Based on DeepCGH and YOLO,18,https://sid.org/Portals/5/pdf/SID-Digest/DW2026/docs/85-4.pdf,pending,,
86-1,86.1,oral,Crosstalk Suppression and Interleaved Frame Rate Enhancement Technology for Naked-eye 3D Displays,18,https://sid.org/Portals/5/pdf/SID-Digest/DW2026/docs/86-1.pdf,pending,,
86-2,86.2,oral,Distinguished Paper: Ultra-Wide-Field Autostereoscopic Floating 3D Display Using Isolated-MLA and Gradual Radius Lens,18,https://sid.org/Portals/5/pdf/SID-Digest/DW2026/docs/86-2.pdf,pending,,
86-3,86.3,oral,Distinguished Paper: Extended and High-Resolution Mid-Air 3D Visualization Using a Light-Field Display with Magnifying Lens,19,https://sid.org/Portals/5/pdf/SID-Digest/DW2026/docs/86-3.pdf,pending,,
86-4,86.4,oral,Towards High-Resolution Multi-Projection Light-Field Displays with Wide Field of View,19,https://sid.org/Portals/5/pdf/SID-Digest/DW2026/docs/86-4.pdf,pending,,
86-5,86.5,oral,Late-News Paper: Under Display Face Authentication Enabled by Polarization Imaging,19,https://sid.org/Portals/5/pdf/SID-Digest/DW2026/docs/86-5.pdf,pending,,
87-1,87.1,oral,The Impact of Different Physical Properties on the Surface of LCD Panels on Visual Health,19,https://sid.org/Portals/5/pdf/SID-Digest/DW2026/docs/87-1.pdf,pending,,
87-2,87.2,oral,A Novel Approach to Natural Light Film for Eye-protective Displays,19,https://sid.org/Portals/5/pdf/SID-Digest/DW2026/docs/87-2.pdf,pending,,
87-3,87.3,oral,Late-News Paper: Mechanically Robust Stretchable micro-LED Displays with Exceptional Cyclic Stretching Endurance,19,https://sid.org/Portals/5/pdf/SID-Digest/DW2026/docs/87-3.pdf,pending,,
88-1,88.1,oral,Invited Paper: Materials for Low-Temperature Solution Processed Organic Transistors Integrated in Flexible Transparent,19,https://sid.org/Portals/5/pdf/SID-Digest/DW2026/docs/88-1.pdf,pending,,
88-2,88.2,oral,Distinguished Paper: Extremely Robust Rollable AMOLED Display with Outstanding Surface Quality Using Smart Module and,19,https://sid.org/Portals/5/pdf/SID-Digest/DW2026/docs/88-2.pdf,pending,,
88-3,88.3,oral,Research on Thin-Film Technology for Bending of Flexible OLED Modules,19,https://sid.org/Portals/5/pdf/SID-Digest/DW2026/docs/88-3.pdf,pending,,
88-4,88.4,oral,Airtightness Enhancement in Flexible OLED Modules Using Mechanically Foamed SCF,19,https://sid.org/Portals/5/pdf/SID-Digest/DW2026/docs/88-4.pdf,pending,,
89-1,89.1,oral,8.9-inch P0.6 Excellent Dark Color Uniformity Active-Matrix LTPS Micro-LED Splicing Screen,19,https://sid.org/Portals/5/pdf/SID-Digest/DW2026/docs/89-1.pdf,pending,,
89-2,89.2,oral,Advanced Cover Glass for micro-LED Displays,19,https://sid.org/Portals/5/pdf/SID-Digest/DW2026/docs/89-2.pdf,pending,,
89-3,89.3,oral,Minimising Plasma-Induced Damage on n-GaN and its Recovery by Isotropic Etching Process for micro-LEDs Application,19,https://sid.org/Portals/5/pdf/SID-Digest/DW2026/docs/89-3.pdf,pending,,
89-4,89.4,oral,MicroLED Value Chains to Enable the AI Revolution,19,https://sid.org/Portals/5/pdf/SID-Digest/DW2026/docs/89-4.pdf,pending,,
90-1,90.1,oral,Invited Paper: Light Engine Design for Meta Rayban Display,19,https://sid.org/Portals/5/pdf/SID-Digest/DW2026/docs/90-1.pdf,pending,,
90-2,90.2,oral,Novel Ultra-low Refractive Index Material for Light-guide of AR-Glass Device,19,https://sid.org/Portals/5/pdf/SID-Digest/DW2026/docs/90-2.pdf,pending,,
90-3,90.3,oral,"Distinguished Paper: A New Pixel Structure for High-Resolution OLED Microdisplays, Enhancing Efficiency and Color Gamut",19,https://sid.org/Portals/5/pdf/SID-Digest/DW2026/docs/90-3.pdf,pending,,
90-4,90.4,oral,A Study on Large Area SiOx CMP for High Resolution AMOLED Display,19,https://sid.org/Portals/5/pdf/SID-Digest/DW2026/docs/90-4.pdf,pending,,
90-5,90.5,oral,Investigation of Water Resistance in Monolithic AMOLED Modules,19,https://sid.org/Portals/5/pdf/SID-Digest/DW2026/docs/90-5.pdf,pending,,
91-1,91.1,oral,Distinguished Paper: Breaking the Under-Display Camera’s Dilemma Between Diffraction and Pixel Density Using Incoherent,20,https://sid.org/Portals/5/pdf/SID-Digest/DW2026/docs/91-1.pdf,pending,,
91-2,91.2,oral,A New Design for CUP to Reduce Reflection and Diffraction Based on LTPO and CFOT,20,https://sid.org/Portals/5/pdf/SID-Digest/DW2026/docs/91-2.pdf,pending,,
91-3,91.3,oral,Drive Circuit and Optical Co-Design for High-Performance Under-Display Infrared Recognition,20,https://sid.org/Portals/5/pdf/SID-Digest/DW2026/docs/91-3.pdf,pending,,
91-4,91.4,oral,High Transmittance OLED for Under Display Face Recognition,20,https://sid.org/Portals/5/pdf/SID-Digest/DW2026/docs/91-4.pdf,pending,,
92-1,92.1,oral,AI-Based Joint Optimization Algorithms for Flicker and Variable Refresh Rate in LTPS/LTPO AMOLED Displays,20,https://sid.org/Portals/5/pdf/SID-Digest/DW2026/docs/92-1.pdf,pending,,
92-2,92.2,oral,Accurate Prediction of OLED Dark-state Optical Simulation via Spectral Splitting,20,https://sid.org/Portals/5/pdf/SID-Digest/DW2026/docs/92-2.pdf,pending,,
92-3,92.3,oral,Diffusion-Based Data Expansion for Reliable Inspection of Low-Gray Line Mura around HIAA Regions,20,https://sid.org/Portals/5/pdf/SID-Digest/DW2026/docs/92-3.pdf,pending,,
92-4,92.4,oral,FM3D: Flow Matching for 3D Molecular Generation in OLED Materials Discovery,20,https://sid.org/Portals/5/pdf/SID-Digest/DW2026/docs/92-4.pdf,pending,,
93-1,93.1,oral,Invited Paper: Development of an Animation Driving Mode for Active-Matrix Cholesteric Liquid Crystal Display,20,https://sid.org/Portals/5/pdf/SID-Digest/DW2026/docs/93-1.pdf,pending,,
93-2,93.2,oral,Mitigating Cell Gap Analysis Fluctuations of Vertical-Aligned LCDs by Integrating Multi-Focus Data of Microscopic Mueller,20,https://sid.org/Portals/5/pdf/SID-Digest/DW2026/docs/93-2.pdf,pending,,
93-3,93.3,oral,Distinguished Paper: Diffraction Efficiency Mapping of Pancharatnam-Berry Diffractive Optical Elements,20,https://sid.org/Portals/5/pdf/SID-Digest/DW2026/docs/93-3.pdf,pending,,
93-4,93.4,oral,A Novel Triple-Gate Pixel Architecture with Horizontal RGB Subpixel Arrangement for High Image Quality and Low Cost,20,https://sid.org/Portals/5/pdf/SID-Digest/DW2026/docs/93-4.pdf,pending,,
94-1,94.1,oral,The Impact of System-Level Configuration on Sparkle Performance in Self-emissive Display Devices,20,https://sid.org/Portals/5/pdf/SID-Digest/DW2026/docs/94-1.pdf,pending,,
94-2,94.2,oral,"Corning Gorilla Matte Pro, a Novel Anti-Reflection and Anti-Glare Cover Glass for High-Resolution Displays",20,https://sid.org/Portals/5/pdf/SID-Digest/DW2026/docs/94-2.pdf,pending,,
94-3,94.3,oral,Invited Paper: Scalable 3D Micro- and Nanostructures for Next-Generation Large-Area Displays,20,https://sid.org/Portals/5/pdf/SID-Digest/DW2026/docs/94-3.pdf,pending,,
94-4,94.4,oral,Micro-Nano Scale Ultra-HD Low-Sparkle Anti-Glare Cover Glass,20,https://sid.org/Portals/5/pdf/SID-Digest/DW2026/docs/94-4.pdf,pending,,
95-1,95.1,oral,Invited Paper: Micro-LED and Fiber Interface Design for Optical Communications,20,https://sid.org/Portals/5/pdf/SID-Digest/DW2026/docs/95-1.pdf,pending,,
95-2,95.2,oral,"Angle-Stable Polariton-Based Spectral Filters for Advanced Display, Imaging, and Sensing Applications",20,https://sid.org/Portals/5/pdf/SID-Digest/DW2026/docs/95-2.pdf,pending,,
95-3,95.3,oral,Ultrafast Single-Shot Full Stokes Polarization Photodetection using Quantum Dot Photodetector and Photopatterned Azo-Dye,20,https://sid.org/Portals/5/pdf/SID-Digest/DW2026/docs/95-3.pdf,pending,,
95-4,95.4,oral,Multi-Wavelength and Multi-Modality Programmable Microscopy Using a Liquid-Crystal Spatial Light Modulator,21,https://sid.org/Portals/5/pdf/SID-Digest/DW2026/docs/95-4.pdf,pending,,
96-1,96.1,oral,Agent-Analytics Framework for Physics-Informed Crease Modeling in Multilayer Flexible Cover Stacks,21,https://sid.org/Portals/5/pdf/SID-Digest/DW2026/docs/96-1.pdf,pending,,
96-2,96.2,oral,AI-Adaptive Resolution for Flexible Display Applications,21,https://sid.org/Portals/5/pdf/SID-Digest/DW2026/docs/96-2.pdf,pending,,
96-3,96.3,oral,A Geometric Feature–based Conditional Diffusion Model for Predicting Stress and Strain Distributions in Curved OLED,21,https://sid.org/Portals/5/pdf/SID-Digest/DW2026/docs/96-3.pdf,pending,,
96-4,96.4,oral,Two-Dimensional Pixel-Level Image-Data Analysis in an Electrochromic Nonvolatile Device,21,https://sid.org/Portals/5/pdf/SID-Digest/DW2026/docs/96-4.pdf,pending,,
97-1,97.1,oral,Unveiling a High-Performance Solution for Micro LED Transparent Displays,21,https://sid.org/Portals/5/pdf/SID-Digest/DW2026/docs/97-1.pdf,pending,,
97-2,97.2,oral,Transparent Borderless Micro-LED Display: Design and Manufacturing of Standard Tileable Screens,21,https://sid.org/Portals/5/pdf/SID-Digest/DW2026/docs/97-2.pdf,pending,,
97-3,97.3,oral,Research on Wiring and Component Arrangement of High Transmission and High Clarity Mini LED Transparent Display,21,https://sid.org/Portals/5/pdf/SID-Digest/DW2026/docs/97-3.pdf,pending,,
97-4,97.4,oral,Optimizing Seamlessness in Tiled Transparent Micro LED Displays,21,https://sid.org/Portals/5/pdf/SID-Digest/DW2026/docs/97-4.pdf,pending,,
98-1,98.1,oral,Real In-cell Integrated Touch Sensor for Flexible OLED Display,21,https://sid.org/Portals/5/pdf/SID-Digest/DW2026/docs/98-1.pdf,pending,,
98-2,98.2,oral,TDDI-Based Charge-Sensing for Aftermarket Defect-Detection in OLED Pixel Circuit with Internal Charging Process,21,https://sid.org/Portals/5/pdf/SID-Digest/DW2026/docs/98-2.pdf,pending,,
99-1,99.1,oral,Color Temperature Uniformity Correction for LCD Screens Based on AI and FPGA,21,https://sid.org/Portals/5/pdf/SID-Digest/DW2026/docs/99-1.pdf,pending,,
99-2,99.2,oral,Polygon-Based Illusory Contour Segmentation and Detection for AI-Generated Content,21,https://sid.org/Portals/5/pdf/SID-Digest/DW2026/docs/99-2.pdf,pending,,
99-3,99.3,oral,Deep Learning-Driven Robotic Process Automation for Defect Detection and Automated Repair in TFT-LCD Manufacturing,21,https://sid.org/Portals/5/pdf/SID-Digest/DW2026/docs/99-3.pdf,pending,,
99-4,99.4,oral,AI-Driven Enhancement of MAI for LCD-Based XR Displays,21,https://sid.org/Portals/5/pdf/SID-Digest/DW2026/docs/99-4.pdf,pending,,
100-1,100.1,oral,Invited Paper: Binocular Stereo Measurements of 3D Spatial Accuracy on Video See-Through Head-Mounted Displays,21,https://sid.org/Portals/5/pdf/SID-Digest/DW2026/docs/100-1.pdf,pending,,
100-2,100.2,oral,Invited Paper: Spatiotemporal Tracking Accuracy of Marker-Based Registration Using Augmented Reality Head Mounted,21,https://sid.org/Portals/5/pdf/SID-Digest/DW2026/docs/100-2.pdf,pending,,
101-1,101.1,oral,Integrated Circuit-3D Electromagnetic Simulation Framework for Joule-Heating Sensitivity Analysis in Narrow-Border OLED,22,https://sid.org/Portals/5/pdf/SID-Digest/DW2026/docs/101-1.pdf,pending,,
101-2,101.2,oral,Thermal Dissipation in AMOLED Display Module for Handheld Gaming Application,22,https://sid.org/Portals/5/pdf/SID-Digest/DW2026/docs/101-2.pdf,pending,,
101-3,101.3,oral,Failure Mechanism and Material System Collaborative Optimization of AMOLED Modules Under Back Impact,22,https://sid.org/Portals/5/pdf/SID-Digest/DW2026/docs/101-3.pdf,pending,,
101-4,101.4,oral,Anti-Electrostatic Field Performance of AMOLED Modules,22,https://sid.org/Portals/5/pdf/SID-Digest/DW2026/docs/101-4.pdf,pending,,
102-1,102.1,oral,Invited Paper: Slot-Die Based Fluidic Self-Assembly - A Scalability Breakthrough in MicroLED Display Manufacturing,22,https://sid.org/Portals/5/pdf/SID-Digest/DW2026/docs/102-1.pdf,pending,,
102-2,102.2,oral,Featuring on TM-polarized Sidewall Emission for AlGaN Deep-Ultraviolet micro-LED with Enhanced Light Extraction,22,https://sid.org/Portals/5/pdf/SID-Digest/DW2026/docs/102-2.pdf,pending,,
102-3,102.3,oral,"A 10.2-inch Highly Stretchable, Multi-Directional Strain Sensor Platform for Stretchable Devices",22,https://sid.org/Portals/5/pdf/SID-Digest/DW2026/docs/102-3.pdf,pending,,
102-4,102.4,oral,Investigation of the Radiation Resistance Characteristics of Backplane of IGZO TFT Flat Panel Detector,22,https://sid.org/Portals/5/pdf/SID-Digest/DW2026/docs/102-4.pdf,pending,,
103-1,103.1,oral,"Invited Paper: Flexible, Microcapsule-Based Color Electrophoretic Displays with Improved Image Quality",22,https://sid.org/Portals/5/pdf/SID-Digest/DW2026/docs/103-1.pdf,pending,,
103-2,103.2,oral,Development of flexible E Ink Spectra 6 displays in A1 and A2 sizes with IGZO-TFT Backplane,22,https://sid.org/Portals/5/pdf/SID-Digest/DW2026/docs/103-2.pdf,pending,,
103-3,103.3,oral,Fabry–Pérot Structure Electrochromic Device for Visible Color Tuning and Mid-Infrared Emissivity Modulation,22,https://sid.org/Portals/5/pdf/SID-Digest/DW2026/docs/103-3.pdf,pending,,
103-4,103.4,oral,High-Voltage Oxide GOA for Electrophoretic Display,22,https://sid.org/Portals/5/pdf/SID-Digest/DW2026/docs/103-4.pdf,pending,,
103-5,103.5,oral,Late-News Paper: Organic TFT driven Flexible Colour EPD with Spectra E6,22,https://sid.org/Portals/5/pdf/SID-Digest/DW2026/docs/103-5.pdf,pending,,
104-1,104.1,oral,Chip-Level Angular Emission Engineering via DBR-Inspired Structures for Superior Optical Seamlessness in MLCD,22,https://sid.org/Portals/5/pdf/SID-Digest/DW2026/docs/104-1.pdf,pending,,
104-2,104.2,oral,Distinguished Paper: High-Performance Micro-LED Display Based on Optimized Laser Bonding and Mass Transfer,22,https://sid.org/Portals/5/pdf/SID-Digest/DW2026/docs/104-2.pdf,pending,,
104-3,104.3,oral,Identifying High-Value EL Test Points Through MicroLED Device Physics,22,https://sid.org/Portals/5/pdf/SID-Digest/DW2026/docs/104-3.pdf,pending,,
105-1,105.1,oral,Visually-Transparent Integrated Millimeter-wave and Microwave Antennas for AI/AR Smart Glasses in 5G and 6G,22,https://sid.org/Portals/5/pdf/SID-Digest/DW2026/docs/105-1.pdf,pending,,
105-2,105.2,oral,Ultra-Compact Monolithic Metasurface-PCSEL Dot Projector for Next-Generation XR Headsets,22,https://sid.org/Portals/5/pdf/SID-Digest/DW2026/docs/105-2.pdf,pending,,
105-3,105.3,oral,Positive-Feedback Accelerated Two-Stage Cascaded A-PWM Micro-LED Pixel Circuit with 0.58 ns Conversion Time for,23,https://sid.org/Portals/5/pdf/SID-Digest/DW2026/docs/105-3.pdf,pending,,
105-4,105.4,oral,Invited Paper: Sampled Analog Video Transport: High Accuracy and Perceptually Error Free,23,https://sid.org/Portals/5/pdf/SID-Digest/DW2026/docs/105-4.pdf,pending,,
105-5,105.5,oral,Invited Paper: A 12.5-Gb/s Receiver with Two-Stage Offset Calibrated DTSA and Adaptive Equalization for Next-Generation XR,23,https://sid.org/Portals/5/pdf/SID-Digest/DW2026/docs/105-5.pdf,pending,,
106-1,106.1,oral,Invited Paper: Sensor OLED: Sophisticated User Interactive Display in the Emerging AI Era,23,https://sid.org/Portals/5/pdf/SID-Digest/DW2026/docs/106-1.pdf,pending,,
106-2,106.2,oral,OLED Display with Integrated Organic Photodiode using Crystal IO as Backplane,23,https://sid.org/Portals/5/pdf/SID-Digest/DW2026/docs/106-2.pdf,pending,,
106-3,106.3,oral,A Novel Pol-Less OLED Display with In-Cell Large-Area Fingerprint Sensor Recognition,23,https://sid.org/Portals/5/pdf/SID-Digest/DW2026/docs/106-3.pdf,pending,,
107-1,107.1,oral,Invited Paper: Display Embedding: Advancing Industrial Knowledge Retrieval Through Foundation Models,23,https://sid.org/Portals/5/pdf/SID-Digest/DW2026/docs/107-1.pdf,pending,,
107-2,107.2,oral,Invited Paper: Machine Learning Enabled Design of Damping Films for Flexible Displays,23,https://sid.org/Portals/5/pdf/SID-Digest/DW2026/docs/107-2.pdf,pending,,
107-3,107.3,oral,Unsupervised OLED Mura Defect Detection via Denoising Diffusion Probabilistic Models,23,https://sid.org/Portals/5/pdf/SID-Digest/DW2026/docs/107-3.pdf,pending,,
107-4,107.4,oral,Open-Set PCB Defect Detection for Dynamic Display Manufacturing,23,https://sid.org/Portals/5/pdf/SID-Digest/DW2026/docs/107-4.pdf,pending,,
108-1,108.1,oral,Evaluating Reproducibility of Display Reflection Measurements,23,https://sid.org/Portals/5/pdf/SID-Digest/DW2026/docs/108-1.pdf,pending,,
108-2,108.2,oral,Distinguished Paper: Reflection Measurement Methods for Modern Display Standards,23,https://sid.org/Portals/5/pdf/SID-Digest/DW2026/docs/108-2.pdf,pending,,
108-3,108.3,oral,Measuring and Predicting Color in Display Reflection using a Color Reflectance Matrix,23,https://sid.org/Portals/5/pdf/SID-Digest/DW2026/docs/108-3.pdf,pending,,
108-4,108.4,oral,A Study on Measurement of Diffractive Reflection for Polarizer-Free Display Using a Point Spread Function of Display,23,https://sid.org/Portals/5/pdf/SID-Digest/DW2026/docs/108-4.pdf,pending,,
109-1,109.1,oral,Multi-Device Linkage Technology for Eye-controlled Content Continuation Display,23,https://sid.org/Portals/5/pdf/SID-Digest/DW2026/docs/109-1.pdf,pending,,
109-2,109.2,oral,Invited Paper: Thinking Differently About Video Processing at the Edge with AI in Systems Including Professional Displays,23,https://sid.org/Portals/5/pdf/SID-Digest/DW2026/docs/109-2.pdf,pending,,
109-3,109.3,oral,Ultra-Low Interactive Latency with Frameless Render-Display Integration,23,https://sid.org/Portals/5/pdf/SID-Digest/DW2026/docs/109-3.pdf,pending,,
110-1,110.1,oral,Invited Paper: A High-Performance Display Scheme for VR Module,23,https://sid.org/Portals/5/pdf/SID-Digest/DW2026/docs/110-1.pdf,pending,,
110-2,110.2,oral,Invited Paper: Key Issues of AR Waveguide Glasses,24,https://sid.org/Portals/5/pdf/SID-Digest/DW2026/docs/110-2.pdf,pending,,
110-3,110.3,oral,Multicoated-Layer and Multi-Layer SRGs for Single-Waveguide Full-Color Augmented Reality Displays,24,https://sid.org/Portals/5/pdf/SID-Digest/DW2026/docs/110-3.pdf,pending,,
111-1,111.1,oral,Invited Paper: Unprecedented Stretchable High-Resolution Micro-LED Display Achieves Successful Mechanical Testing,24,https://sid.org/Portals/5/pdf/SID-Digest/DW2026/docs/111-1.pdf,pending,,
111-2,111.2,oral,Invited Paper: Highly Stretchable Deformable Displays Enabled by Liquid Metal Integration,24,https://sid.org/Portals/5/pdf/SID-Digest/DW2026/docs/111-2.pdf,pending,,
111-3,111.3,oral,"Invited Paper: Stretchable, High-Efficiency OLED",24,https://sid.org/Portals/5/pdf/SID-Digest/DW2026/docs/111-3.pdf,pending,,
111-4,111.4,oral,Distinguished Paper: Intrinsically Stretchable Phosphorescence Light-Emitting Diodes with Small Molecule Emissive Layer,24,https://sid.org/Portals/5/pdf/SID-Digest/DW2026/docs/111-4.pdf,pending,,
111-5,111.5,oral,Late-News Paper: Facile Interconnect Patterning Methods for Multi-Layer Stretchable Platforms,24,https://sid.org/Portals/5/pdf/SID-Digest/DW2026/docs/111-5.pdf,pending,,
112-1,112.1,oral,Invited Paper: Relaxed InGaN Platelets as Templates for Deep-Red sub-micrometer Sized InGaN microLEDs,24,https://sid.org/Portals/5/pdf/SID-Digest/DW2026/docs/112-1.pdf,pending,,
112-2,112.2,oral,"3D Nanowire MicroLED Technology for High-Efficiency, High-Brightness, and Low-Cost AR Displays",24,https://sid.org/Portals/5/pdf/SID-Digest/DW2026/docs/112-2.pdf,pending,,
112-3,112.3,oral,Scaling Rules of Nanowire LEDs and microLEDs,24,https://sid.org/Portals/5/pdf/SID-Digest/DW2026/docs/112-3.pdf,pending,,
112-4,112.4,oral,High-Performance GaN Nanorod-Array LED Chips for Micro-LED Displays,24,https://sid.org/Portals/5/pdf/SID-Digest/DW2026/docs/112-4.pdf,pending,,
113-1,113.1,oral,Distinguished Paper: Differential-Driven MHz-Range High-Voltage Ultrasound 2D Beamsteering 50.4cm2 Imaging Cardiac,24,https://sid.org/Portals/5/pdf/SID-Digest/DW2026/docs/113-1.pdf,pending,,
113-2,113.2,oral,Evolution In IGZO TFT-Based TCAP Fingerprint Sensing Technology,24,https://sid.org/Portals/5/pdf/SID-Digest/DW2026/docs/113-2.pdf,pending,,
113-3,113.3,oral,Reset-and-Correlated Double Sampling Low Noise oxide TFT Active Pixel Circuit for Dynamic X-Ray Imging,24,https://sid.org/Portals/5/pdf/SID-Digest/DW2026/docs/113-3.pdf,pending,,
113-4,113.4,oral,Invited Paper: The Process and Technology Development of Large-size Ultrasonic Fingerprint Sensor,24,https://sid.org/Portals/5/pdf/SID-Digest/DW2026/docs/113-4.pdf,pending,,
114-1,114.1,oral,Invited Paper: A Low-Overhead and Content-Aware Brightness Roll-off Method for VR Devices,24,https://sid.org/Portals/5/pdf/SID-Digest/DW2026/docs/114-1.pdf,pending,,
114-2,114.2,oral,Invited Paper: Computer Vision and Agentic AI - New Paradigm Shift for Display Applications and Manufacturing,24,https://sid.org/Portals/5/pdf/SID-Digest/DW2026/docs/114-2.pdf,pending,,
114-3,114.3,oral,AI-Based Component Placement for Printed Circuit Boards,24,https://sid.org/Portals/5/pdf/SID-Digest/DW2026/docs/114-3.pdf,pending,,
114-4,114.4,oral,A Unified Framework for Multi-modal and Multi-Task Enterprise QA System with LLM,24,https://sid.org/Portals/5/pdf/SID-Digest/DW2026/docs/114-4.pdf,pending,,
115-1,115.1,oral,Automated Detection of Temporal Visual Artifacts for Robust Display Subsystem Design,24,https://sid.org/Portals/5/pdf/SID-Digest/DW2026/docs/115-1.pdf,pending,,
115-2,115.2,oral,Invited Paper: Moiré Effects and Mitigation Techniques in Display Metrology,25,https://sid.org/Portals/5/pdf/SID-Digest/DW2026/docs/115-2.pdf,pending,,
115-3,115.3,oral,Quantification Method for Artifact in Star Field Images Caused by Full Array Local Dimming,25,https://sid.org/Portals/5/pdf/SID-Digest/DW2026/docs/115-3.pdf,pending,,
115-4,115.4,oral,Filtering Techniques for Display Metrology with Imaging LMDs,25,https://sid.org/Portals/5/pdf/SID-Digest/DW2026/docs/115-4.pdf,pending,,
115-5,115.5,oral,Late-News Paper: An Integrated Holography-Stereo Camera Multimodal System with Conditional Latent Diffusion for Display,25,https://sid.org/Portals/5/pdf/SID-Digest/DW2026/docs/115-5.pdf,pending,,
116-1,116.1,oral,MLED Uniformity Calibration System,25,https://sid.org/Portals/5/pdf/SID-Digest/DW2026/docs/116-1.pdf,pending,,
116-2,116.2,oral,Design of a High Efficiency Backlight System for ARHUD,25,https://sid.org/Portals/5/pdf/SID-Digest/DW2026/docs/116-2.pdf,pending,,
116-3,116.3,oral,Low Cost MLED Direct Back Lights for High-end Liquid Crystal Displays,25,https://sid.org/Portals/5/pdf/SID-Digest/DW2026/docs/116-3.pdf,pending,,
116-4,116.4,oral,An Ultra-Low Power Consumption Glass-based Direct Micro-LED Backlight and LCD System,25,https://sid.org/Portals/5/pdf/SID-Digest/DW2026/docs/116-4.pdf,pending,,
117-1,117.1,oral,Invited Paper: Hybrid Scan: A Multi-Viewer True-Perspective Strong Parallax Display With Algorithmicly Controlled,25,https://sid.org/Portals/5/pdf/SID-Digest/DW2026/docs/117-1.pdf,pending,,
117-2,117.2,oral,Distinguished Paper: Light-Controlled Polarization Volume Grating via Liquid Crystal Elastomer Actuation,25,https://sid.org/Portals/5/pdf/SID-Digest/DW2026/docs/117-2.pdf,pending,,
117-3,117.3,oral,Wide-Viewing Multi-Projection Light Field Display using Holographic Directional Diffuser,25,https://sid.org/Portals/5/pdf/SID-Digest/DW2026/docs/117-3.pdf,pending,,
117-4,117.4,oral,Angular-Insensitive Multi-Wavelength Bandpass Filters with Simple Layer Structure for Advanced Display and Sensor,25,https://sid.org/Portals/5/pdf/SID-Digest/DW2026/docs/117-4.pdf,pending,,
118-1,118.1,oral,Invited Paper: High-Efficiency Geometrically Stretchable and Textile-Integrated OLEDs for Wearable SpO? Monitoring,25,https://sid.org/Portals/5/pdf/SID-Digest/DW2026/docs/118-1.pdf,pending,,
118-2,118.2,oral,Invited Paper: Writable ACEL Display Textiles: Enabling Flexible and Interactive Wearable Electronics for IoT Applications,25,https://sid.org/Portals/5/pdf/SID-Digest/DW2026/docs/118-2.pdf,pending,,
118-3,118.3,oral,E-Paper Textiles for Next-Gen Woven Pixel Displays,25,https://sid.org/Portals/5/pdf/SID-Digest/DW2026/docs/118-3.pdf,pending,,
118-4,118.4,oral,Applicability of Flexible and Stable Fabric-based OLEDs for Automotive Interior Displays,25,https://sid.org/Portals/5/pdf/SID-Digest/DW2026/docs/118-4.pdf,pending,,
P-1,P..1,poster,A Novel LTPS TFT with Simple Architecture and Excellent Performance,25,https://sid.org/Portals/5/pdf/SID-Digest/DW2026/docs/P-1.pdf,pending,,
P-2,P..2,poster,Refinement of the a-Si TFT Backplane as an Enabling Technology for World's First 800Hz Refresh Rate Display,25,https://sid.org/Portals/5/pdf/SID-Digest/DW2026/docs/P-2.pdf,pending,,
P-3,P..3,poster,Analysis on Influence and Mechanism of Physical Tempering Derived Technology on Anti-Crack Propagation Performance of,25,https://sid.org/Portals/5/pdf/SID-Digest/DW2026/docs/P-3.pdf,pending,,
P-4,P..4,poster,A High Stability WOLED Display with Adapting GOA for Gaming MNT,26,https://sid.org/Portals/5/pdf/SID-Digest/DW2026/docs/P-4.pdf,pending,,
P-5,P..5,poster,The Negative Bias Temperature Illumination Stress Mechanism of Top Gate Self Aligned Amorphous Oxide Semiconductor,26,https://sid.org/Portals/5/pdf/SID-Digest/DW2026/docs/P-5.pdf,pending,,
P-6,P..6,poster,Key Parameters for Controlling Electrical Properties of Dual-gate Oxide Thin-Film Transistors under Single-gate Sweep Mode,26,https://sid.org/Portals/5/pdf/SID-Digest/DW2026/docs/P-6.pdf,pending,,
P-8,P..8,poster,Threshold Voltage Reversal Induced by Competation between Vacancy Diffusion and Passivation in Downscaled InGaO Thin-,26,https://sid.org/Portals/5/pdf/SID-Digest/DW2026/docs/P-8.pdf,pending,,
P-9,P..9,poster,A Novel Ultra Wide Variable Refresh Rate without Band Mura Pixel Circuit for 14-inch 2.8K OLED Display,26,https://sid.org/Portals/5/pdf/SID-Digest/DW2026/docs/P-9.pdf,pending,,
P-10,P..10,poster,Frequency-Dependent Stability of Oxide TFTs under Gate Pulse Bias,26,https://sid.org/Portals/5/pdf/SID-Digest/DW2026/docs/P-10.pdf,pending,,
P-11,P..11,poster,Distinguished Poster: High-Mobility Indium Gallium Oxide TFTs Fabricated from an Aqueous Precursor with Excimer-Light,26,https://sid.org/Portals/5/pdf/SID-Digest/DW2026/docs/P-11.pdf,pending,,
P-12,P..12,poster,Improving the Large-Area Uniformity and Performance of a-IGZO Vertical TFTs,26,https://sid.org/Portals/5/pdf/SID-Digest/DW2026/docs/P-12.pdf,pending,,
P-13,P..13,poster,Engineering Hydrogen- Supplying Interlayers for In-Situ Passivation toward Top-Gate Self-Aligned ALD Indium-Based Oxide,26,https://sid.org/Portals/5/pdf/SID-Digest/DW2026/docs/P-13.pdf,pending,,
P-14,P..14,poster,Thermally Robust 1-µm-Channel Oxide TFTs Enabled by Selective Incorporation of a Highly Conductive Oxide Layer,26,https://sid.org/Portals/5/pdf/SID-Digest/DW2026/docs/P-14.pdf,pending,,
P-15,P..15,poster,"Transparent, Hysteresis-Free Complementary Inverters Using p-Channel SWNT and n-Channel IGZO TFTs for Light-to-",26,https://sid.org/Portals/5/pdf/SID-Digest/DW2026/docs/P-15.pdf,pending,,
P-16,P..16,poster,A Multi-Scan Module Circuit with High Mobility Poly-Oxide TFTs for High Resolution AMOLED Display over 1500 ppi,26,https://sid.org/Portals/5/pdf/SID-Digest/DW2026/docs/P-16.pdf,pending,,
P-17,P..17,poster,Compact Emission Gate Driver for Narrow-Bezel Displays,26,https://sid.org/Portals/5/pdf/SID-Digest/DW2026/docs/P-17.pdf,pending,,
P-18,P..18,poster,Polycrystalline Oxide TFT-Based AMOLED Pixel Circuit for 1494-ppi AR and VR Applications,26,https://sid.org/Portals/5/pdf/SID-Digest/DW2026/docs/P-18.pdf,pending,,
P-19,P..19,poster,Accurate Mixed-Mode Simulation for OLED Short-Term Image Sticking Verification and Optimization,26,https://sid.org/Portals/5/pdf/SID-Digest/DW2026/docs/P-19.pdf,pending,,
P-20,P..20,poster,Multi-Slope Ramp PWM to Extend the Lower Gray Limit for Target LED Current and Improve Robustness to TFT Threshold,26,https://sid.org/Portals/5/pdf/SID-Digest/DW2026/docs/P-20.pdf,pending,,
P-21,P..21,poster,Studies On a-IGZO TFTs Reliability with Different Light-Shielding-Layer Size for Improvement of Short Channel Device in,26,https://sid.org/Portals/5/pdf/SID-Digest/DW2026/docs/P-21.pdf,pending,,
P-22,P..22,poster,High Performance Ultra-thin InGaO TFTs by Spray Pyrolysis for Low-Cost Display Electronics,26,https://sid.org/Portals/5/pdf/SID-Digest/DW2026/docs/P-22.pdf,pending,,
P-23,P..23,poster,The Development of Back-Channel-Etch Thin Film Transistors with High-Mobility Metallic Oxide and without Planarization,26,https://sid.org/Portals/5/pdf/SID-Digest/DW2026/docs/P-23.pdf,pending,,
P-243,P..243,poster,Late-News Poster: Non-Contact SHG Imaging of Defect-Induced Electric Fields in Oxide Semiconductors,26,https://sid.org/Portals/5/pdf/SID-Digest/DW2026/docs/P-243.pdf,pending,,
P-244,P..244,poster,Late-News Poster: Simultaneous Enhancement of Mobility and Stability in Top-Gate IGZTO Thin Film Transistors via Sn,26,https://sid.org/Portals/5/pdf/SID-Digest/DW2026/docs/P-244.pdf,pending,,
P-245,P..245,poster,Late-News Poster: Enhancement of Specific Contact Resistivity in a-IGZO Thin-Film-Transistors Using an ALD-Based,26,https://sid.org/Portals/5/pdf/SID-Digest/DW2026/docs/P-245.pdf,pending,,
P-246,P..246,poster,Late-News Poster: Optimizing the Crystal Growth of Ultrathin In–Sn–O Thin-Film-Transistor via Plasma-Enhanced ALD,26,https://sid.org/Portals/5/pdf/SID-Digest/DW2026/docs/P-246.pdf,pending,,
P-247,P..247,poster,Late-News Poster: Hydrogen Control via Gate Stack Engineering for High-Performance of a-IGZTO Thin-Film Transistors,26,https://sid.org/Portals/5/pdf/SID-Digest/DW2026/docs/P-247.pdf,pending,,
P-248,P..248,poster,Late-News Poster: Impact of the Back-Channel layer on the Mobility in thin a-IGZO TFTs,26,https://sid.org/Portals/5/pdf/SID-Digest/DW2026/docs/P-248.pdf,pending,,
P-24,P..24,poster,Actual Measurement Method for Bending Fixture Trajectory Based on DIC Technology,26,https://sid.org/Portals/5/pdf/SID-Digest/DW2026/docs/P-24.pdf,pending,,
P-25,P..25,poster,Quantitative Evaluation of Layer-Thickness Sensitivity and Mechanical Reliability in Multilayer Display Modules Based on,26,https://sid.org/Portals/5/pdf/SID-Digest/DW2026/docs/P-25.pdf,pending,,
P-26,P..26,poster,Research on Low-Pressure Injection Molding Technology for Ultra-Narrow Bezel Flexible OLED Modules,26,https://sid.org/Portals/5/pdf/SID-Digest/DW2026/docs/P-26.pdf,pending,,
P-27,P..27,poster,Fracture Mechanics-Inspired Interfacial Strength Testing for Display Technologies,27,https://sid.org/Portals/5/pdf/SID-Digest/DW2026/docs/P-27.pdf,pending,,
P-28,P..28,poster,Asymmetric Pattern Design for Enhancing the Impact Resistance of Flexible OLED Modules,27,https://sid.org/Portals/5/pdf/SID-Digest/DW2026/docs/P-28.pdf,pending,,
P-29,P..29,poster,Study on the Precipitation of UTG after the Reliability Experiment,27,https://sid.org/Portals/5/pdf/SID-Digest/DW2026/docs/P-29.pdf,pending,,
P-30,P..30,poster,Factors Affecting Backside Impact Resistance in Bending Area of Foldable AMOLED Modules,27,https://sid.org/Portals/5/pdf/SID-Digest/DW2026/docs/P-30.pdf,pending,,
P-31,P..31,poster,Study on Improving OLED Screen Backside Impact Resistance,27,https://sid.org/Portals/5/pdf/SID-Digest/DW2026/docs/P-31.pdf,pending,,
P-32,P..32,poster,Folding New Material UFG Structural Design and Its Enhancement to Module Performance,27,https://sid.org/Portals/5/pdf/SID-Digest/DW2026/docs/P-32.pdf,pending,,
P-33,P..33,poster,Process-Induced Structural Defects and the Crack Propensity in Flexible OLED Panels,27,https://sid.org/Portals/5/pdf/SID-Digest/DW2026/docs/P-33.pdf,pending,,
P-34,P..34,poster,Study on the Variation of Adhesion Between Flexible Display Covers and Ink Over Time,27,https://sid.org/Portals/5/pdf/SID-Digest/DW2026/docs/P-34.pdf,pending,,
P-35,P..35,poster,Bending Failure Mechanism of Carbon Fiber BKT in Flexible Displays,27,https://sid.org/Portals/5/pdf/SID-Digest/DW2026/docs/P-35.pdf,pending,,
P-36,P..36,poster,Just-Noticeable-Chromaticity-Difference in Low Luminance Conditions,27,https://sid.org/Portals/5/pdf/SID-Digest/DW2026/docs/P-36.pdf,pending,,
P-37,P..37,poster,Quantitative Evaluation of Monocular Depth Perception in 2D Displays,27,https://sid.org/Portals/5/pdf/SID-Digest/DW2026/docs/P-37.pdf,pending,,
P-38,P..38,poster,Linking Spectroradiometric Characterisation to User Colour Matches in an Optical See-Through AR Display: A PLVC Study on,27,https://sid.org/Portals/5/pdf/SID-Digest/DW2026/docs/P-38.pdf,pending,,
P-39,P..39,poster,Improved CW-SSIM for Assessing See-Through Image Quality in Transparent Displays Across Varying Spatial Resolutions,27,https://sid.org/Portals/5/pdf/SID-Digest/DW2026/docs/P-39.pdf,pending,,
P-249,P..249,poster,Late-News Poster: Subjective Visual Comfort during Display Brightness Adaptation under Abrupt Illuminance Change,27,https://sid.org/Portals/5/pdf/SID-Digest/DW2026/docs/P-249.pdf,pending,,
P-40,P..40,poster,Virtual Yield Platform for Yield Simulation: AI-EDA Co-Design Practice to Boost Display Panel Yield,27,https://sid.org/Portals/5/pdf/SID-Digest/DW2026/docs/P-40.pdf,pending,,
P-41,P..41,poster,Neural Network Based Automatic Gain Demura for OLED Panels,27,https://sid.org/Portals/5/pdf/SID-Digest/DW2026/docs/P-41.pdf,pending,,
P-42,P..42,poster,Unsupervised Video Anomaly Detection with Vision–Language Model as Assistance,27,https://sid.org/Portals/5/pdf/SID-Digest/DW2026/docs/P-42.pdf,pending,,
P-43,P..43,poster,Multi-Modal Pre-training Framework for Molecular Property Prediction,27,https://sid.org/Portals/5/pdf/SID-Digest/DW2026/docs/P-43.pdf,pending,,
P-44,P..44,poster,A Semi-Supervised-Based Virtual Metrology Method for PSH Estimation,27,https://sid.org/Portals/5/pdf/SID-Digest/DW2026/docs/P-44.pdf,pending,,
P-45,P..45,poster,Performance Optimization Methods for Large Image Generation Models on Low-Computing-Power Devices,27,https://sid.org/Portals/5/pdf/SID-Digest/DW2026/docs/P-45.pdf,pending,,
P-46,P..46,poster,Order Consolidation and Logistics Intensive Assembly Algorithm Based on Three-Dimensional Loading,27,https://sid.org/Portals/5/pdf/SID-Digest/DW2026/docs/P-46.pdf,pending,,
P-49,P..49,poster,Real-Time Monitoring of Drying Dynamics in Inkjet-Printed Display Manufacturing via Low-Resolution Deep Learning,27,https://sid.org/Portals/5/pdf/SID-Digest/DW2026/docs/P-49.pdf,pending,,
P-50,P..50,poster,Temperature Color Shift Compensation System for Micro-LED Displays,27,https://sid.org/Portals/5/pdf/SID-Digest/DW2026/docs/P-50.pdf,pending,,
P-51,P..51,poster,Enhancing Perceptual Quality on High-Resolution Displays: A Unified Deep Model for Super-Resolution and Deblurring,27,https://sid.org/Portals/5/pdf/SID-Digest/DW2026/docs/P-51.pdf,pending,,
P-52,P..52,poster,Distinguished Poster: XStreamVGGT: Extremely Memory-Efficient Streaming Vision Geometry Grounded Transformer with,27,https://sid.org/Portals/5/pdf/SID-Digest/DW2026/docs/P-52.pdf,pending,,
P-53,P..53,poster,A Small-Dataset-Driven Framework for Inkjet-Printed Quantum Dot Color Conversion Layers Powered by Random Forest and,27,https://sid.org/Portals/5/pdf/SID-Digest/DW2026/docs/P-53.pdf,pending,,
P-54,P..54,poster,Accurate Non-Invasive Blood Glucose Prediction Using Dual Long-Wavelength PPG Signals at 1480 nm and 1640 nm with,27,https://sid.org/Portals/5/pdf/SID-Digest/DW2026/docs/P-54.pdf,pending,,
P-242,P..242,poster,Distinguished Poster: Deep Optical Cryptography: Joint Encryption and LC-Lens Key Generation for Secure Displays,27,https://sid.org/Portals/5/pdf/SID-Digest/DW2026/docs/P-242.pdf,pending,,
P-250,P..250,poster,Late-News Poster: Structural Optimization of Lightweight Super-Resolution for Micro Via-hole Detection in Industrial Display,27,https://sid.org/Portals/5/pdf/SID-Digest/DW2026/docs/P-250.pdf,pending,,
P-251,P..251,poster,Late-News Poster: Optical Lens Design Engines Based on Advanced Algorithms,27,https://sid.org/Portals/5/pdf/SID-Digest/DW2026/docs/P-251.pdf,pending,,
P-252,P..252,poster,Late-News Poster: Research on Enhancement of Data Query for Display Manufacturing Based on Multi-Agent Technology,28,https://sid.org/Portals/5/pdf/SID-Digest/DW2026/docs/P-252.pdf,pending,,
P-253,P..253,poster,Late-News Poster: AI Agent in the Display Industry: From Conceptual Evolution to Practical Application,28,https://sid.org/Portals/5/pdf/SID-Digest/DW2026/docs/P-253.pdf,pending,,
P-254,P..254,poster,Late-News Poster: Dual-dimension Graph Convolution Enhanced Transformer for Time Series Forecasting,28,https://sid.org/Portals/5/pdf/SID-Digest/DW2026/docs/P-254.pdf,pending,,
P-255,P..255,poster,Late-News Poster: An AI-Based Ambient Light Adaptive System for Display Devices,28,https://sid.org/Portals/5/pdf/SID-Digest/DW2026/docs/P-255.pdf,pending,,
P-256,P..256,poster,Late-News Poster: Reducing Training Time of Display Radiance Fields via Hash Encoding,28,https://sid.org/Portals/5/pdf/SID-Digest/DW2026/docs/P-256.pdf,pending,,
P-257,P..257,poster,Late-News Poster: Diffusion-Based Data Augmentation for Robust AI Metrology in Low-Quality Inspection Images,28,https://sid.org/Portals/5/pdf/SID-Digest/DW2026/docs/P-257.pdf,pending,,
P-258,P..258,poster,Late-News Poster: Quantitative Modeling and AI-Assisted Suppression of Fringe-Field Effects by Pixel-to-Pixel Spatial Voltage,28,https://sid.org/Portals/5/pdf/SID-Digest/DW2026/docs/P-258.pdf,pending,,
P-259,P..259,poster,Late-News Poster: End-to-End Inverse Designed Metasurfaces for Snapshot Full-Stokes Polarization Imaging,28,https://sid.org/Portals/5/pdf/SID-Digest/DW2026/docs/P-259.pdf,pending,,
P-55,P..55,poster,High Resolution 3D Augmented Reality Head-up Display Technology with Eye Tracking System,28,https://sid.org/Portals/5/pdf/SID-Digest/DW2026/docs/P-55.pdf,pending,,
P-56,P..56,poster,A Micro-LED Based Pixel-Level Optical System: Design and Integration,28,https://sid.org/Portals/5/pdf/SID-Digest/DW2026/docs/P-56.pdf,pending,,
P-57,P..57,poster,Research on Visibility Phenomena Induced by Anode Surface Non-Flatness,28,https://sid.org/Portals/5/pdf/SID-Digest/DW2026/docs/P-57.pdf,pending,,
P-58,P..58,poster,Reducing Attentional Capture in Automotive Head-Up Displays Using Image Distance and Lateral Offset,28,https://sid.org/Portals/5/pdf/SID-Digest/DW2026/docs/P-58.pdf,pending,,
P-59,P..59,poster,Research on Temperature Rise Reduction of Ultra-Thin and High Brightness COB Module for Vehicular MLED Display,28,https://sid.org/Portals/5/pdf/SID-Digest/DW2026/docs/P-59.pdf,pending,,
P-60,P..60,poster,Thin Actuator for Automotive Haptic Displays,28,https://sid.org/Portals/5/pdf/SID-Digest/DW2026/docs/P-60.pdf,pending,,
P-61,P..61,poster,Research on Optical Performance Non-Uniformity of Flexible OLED Automotive Displays under Bending Stress,28,https://sid.org/Portals/5/pdf/SID-Digest/DW2026/docs/P-61.pdf,pending,,
P-62,P..62,poster,Integrating Mixed-Criticality Display Technologies for the Enhancement of Large Area Displays in Fighter Cockpits,28,https://sid.org/Portals/5/pdf/SID-Digest/DW2026/docs/P-62.pdf,pending,,
P-63,P..63,poster,Research on Panel Design and Temperature Calculation Based on Aluminum-based Composite Metal Temperature Sensor,28,https://sid.org/Portals/5/pdf/SID-Digest/DW2026/docs/P-63.pdf,pending,,
P-64,P..64,poster,A New Pixel Circuit for Dual-Color OLED Displays,28,https://sid.org/Portals/5/pdf/SID-Digest/DW2026/docs/P-64.pdf,pending,,
P-65,P..65,poster,High-Dynamic-Range Micro-LED Driver Using Hybrid PWM/PAM Architecture,28,https://sid.org/Portals/5/pdf/SID-Digest/DW2026/docs/P-65.pdf,pending,,
P-66,P..66,poster,Research on Dynamic OBS Solution for DTFT Based on Different Gray Scales in OLED Panels,28,https://sid.org/Portals/5/pdf/SID-Digest/DW2026/docs/P-66.pdf,pending,,
P-67,P..67,poster,An External-Compensation Pixel Circuit for High-PPI AMOLED Displays Combining Double-Gate Oxide TFT Characteristics,28,https://sid.org/Portals/5/pdf/SID-Digest/DW2026/docs/P-67.pdf,pending,,
P-68,P..68,poster,Hybrid-Output Generation Oxide TFT Gate Driver,28,https://sid.org/Portals/5/pdf/SID-Digest/DW2026/docs/P-68.pdf,pending,,
P-69,P..69,poster,Design of Triple Gate Display Panel with DLG Mode Support,28,https://sid.org/Portals/5/pdf/SID-Digest/DW2026/docs/P-69.pdf,pending,,
P-70,P..70,poster,An Innovative EM Duty Modulation Method for 30~240Hz Variable Refresh Rate Optimization of OLED,28,https://sid.org/Portals/5/pdf/SID-Digest/DW2026/docs/P-70.pdf,pending,,
P-71,P..71,poster,A Novel Micro-LED Pixel Circuit Designed for Hybrid Pulse Modulation Driving Method,28,https://sid.org/Portals/5/pdf/SID-Digest/DW2026/docs/P-71.pdf,pending,,
P-72,P..72,poster,Dual-Phase Bootstrapping Gate Driver Based on Depletion-Mode Oxide TFTs for Generating Stable Diametric Polarity Signals,28,https://sid.org/Portals/5/pdf/SID-Digest/DW2026/docs/P-72.pdf,pending,,
P-73,P..73,poster,Gate Driver Circuit Enabling Selective Variable Refresh Rate Using Double-Gate Metal-Oxide TFTs,28,https://sid.org/Portals/5/pdf/SID-Digest/DW2026/docs/P-73.pdf,pending,,
P-74,P..74,poster,Multi-Output Gate Driver Based on Depletion-Mode Oxide TFTs for Controlling Dual Scan Pulse Intervals,28,https://sid.org/Portals/5/pdf/SID-Digest/DW2026/docs/P-74.pdf,pending,,
P-75,P..75,poster,The Mura Compensation Method in Ultra Low Brightness,28,https://sid.org/Portals/5/pdf/SID-Digest/DW2026/docs/P-75.pdf,pending,,
P-76,P..76,poster,A Real-Time Compression and Decompression Scheme for Accumulated Aging Data in DBI,28,https://sid.org/Portals/5/pdf/SID-Digest/DW2026/docs/P-76.pdf,pending,,
P-77,P..77,poster,A two-stage Correlated Color Temperature Uniformity Compensation Scheme for Display,28,https://sid.org/Portals/5/pdf/SID-Digest/DW2026/docs/P-77.pdf,pending,,
P-78,P..78,poster,System-Level OLED Luminance Forecasting and Compensation,28,https://sid.org/Portals/5/pdf/SID-Digest/DW2026/docs/P-78.pdf,pending,,
P-79,P..79,poster,A Study on the OLED flicker Caused by the Separation Design of EL PMIC and Display Module PCB and Its Improvement,29,https://sid.org/Portals/5/pdf/SID-Digest/DW2026/docs/P-79.pdf,pending,,
P-80,P..80,poster,A Skew-Immune Data-Shifting Column Driver for Ultra-High-Resolution Micro-Displays,29,https://sid.org/Portals/5/pdf/SID-Digest/DW2026/docs/P-80.pdf,pending,,
P-81,P..81,poster,Research on the Spilt-Screen Issue of 8T1C Pixel Circuit OLED Anode Reset,29,https://sid.org/Portals/5/pdf/SID-Digest/DW2026/docs/P-81.pdf,pending,,
P-82,P..82,poster,Design of ESD Protection and Abnormality Detection for LCM Based on TCON Module-by-Module Reset,29,https://sid.org/Portals/5/pdf/SID-Digest/DW2026/docs/P-82.pdf,pending,,
P-83,P..83,poster,Low Power and High Reliability QB Control Unit for a-IGZO AMOLED Emission Drivers,29,https://sid.org/Portals/5/pdf/SID-Digest/DW2026/docs/P-83.pdf,pending,,
P-240,P..240,poster,A Compensation Scheme for Dark-state Luminance and Chromaticity of AMOLED Displays,29,https://sid.org/Portals/5/pdf/SID-Digest/DW2026/docs/P-240.pdf,pending,,
P-85,P..85,poster,Study on the Optical Properties of Polarizing Film in the PVA Stretching Process,29,https://sid.org/Portals/5/pdf/SID-Digest/DW2026/docs/P-85.pdf,pending,,
P-86,P..86,poster,Improved Design of Frit Width Flutuation in OLED Panel,29,https://sid.org/Portals/5/pdf/SID-Digest/DW2026/docs/P-86.pdf,pending,,
P-87,P..87,poster,"Image Sticking in OLED Panel Volume Production: Mechanism, Detection and Solutions for OLED and COE-OLED panels",29,https://sid.org/Portals/5/pdf/SID-Digest/DW2026/docs/P-87.pdf,pending,,
P-88,P..88,poster,Improvement Methods for Water Stain Mura using a new 2-Wet-1-Dry Etching Process,29,https://sid.org/Portals/5/pdf/SID-Digest/DW2026/docs/P-88.pdf,pending,,
P-89,P..89,poster,Structural Anomaly Detection via Vision Transformer with Dual Attention Mechanism,29,https://sid.org/Portals/5/pdf/SID-Digest/DW2026/docs/P-89.pdf,pending,,
P-90,P..90,poster,Analysis of the Long-term Mura Performance of LCD Panel with PFA and Sealant,29,https://sid.org/Portals/5/pdf/SID-Digest/DW2026/docs/P-90.pdf,pending,,
P-91,P..91,poster,Study of UTG Defect Prediction Model Based on Central Tensile Stress Thresholds and Push-Folding Testing,29,https://sid.org/Portals/5/pdf/SID-Digest/DW2026/docs/P-91.pdf,pending,,
P-92,P..92,poster,Redefining Ultra-narrow Bottom Bezels through Halftone Mask Process Breakthrough Beyond Fanout Pitch Limits,29,https://sid.org/Portals/5/pdf/SID-Digest/DW2026/docs/P-92.pdf,pending,,
P-93,P..93,poster,Design and Fabrication of High-Performance Transparent Conductive Electrode,29,https://sid.org/Portals/5/pdf/SID-Digest/DW2026/docs/P-93.pdf,pending,,
P-94,P..94,poster,High Refractive Index Metal Oxide Thin Films with High Optical Performance for Modern Displays,29,https://sid.org/Portals/5/pdf/SID-Digest/DW2026/docs/P-94.pdf,pending,,
P-95,P..95,poster,Design and Optimization of High-Performance Photo-Alignment Polyimide Films For liquid Crystal Displays,29,https://sid.org/Portals/5/pdf/SID-Digest/DW2026/docs/P-95.pdf,pending,,
P-96,P..96,poster,A Strategy for Low Reflectance of 4-Side Bezel-Less LCD Display with TFT Glass Outside,29,https://sid.org/Portals/5/pdf/SID-Digest/DW2026/docs/P-96.pdf,pending,,
P-97,P..97,poster,Process Research and Implementation of 3D Dispensing Technology in OLED Module Encapsulation,29,https://sid.org/Portals/5/pdf/SID-Digest/DW2026/docs/P-97.pdf,pending,,
P-98,P..98,poster,Study on Dispersion Optimization of Pigment R177 and Its Application in Red Color Filters,29,https://sid.org/Portals/5/pdf/SID-Digest/DW2026/docs/P-98.pdf,pending,,
P-99,P..99,poster,Stress-Induced Birefringence Measurement for Crack Detection in Bessel Beam Laser-Drilled Glass,29,https://sid.org/Portals/5/pdf/SID-Digest/DW2026/docs/P-99.pdf,pending,,
P-100,P..100,poster,Half-Tone Patterning of Functional BPDL for OLED Panel Display Application,29,https://sid.org/Portals/5/pdf/SID-Digest/DW2026/docs/P-100.pdf,pending,,
P-101,P..101,poster,Improving Dispersion Phenomenon in CFOT Technology for Always-Off Display Visual Effects,29,https://sid.org/Portals/5/pdf/SID-Digest/DW2026/docs/P-101.pdf,pending,,
P-102,P..102,poster,A New Solution for Rapid in Situ Identification of TFE Peeling Risks and Effectiveness of Failure Improvement,29,https://sid.org/Portals/5/pdf/SID-Digest/DW2026/docs/P-102.pdf,pending,,
P-103,P..103,poster,Detection of Defective Micro-LEDs via Array-Level Electroluminescence Using a Probe Wafer,29,https://sid.org/Portals/5/pdf/SID-Digest/DW2026/docs/P-103.pdf,pending,,
P-104,P..104,poster,Category-Aware Adaptive Masking for Industrial Anomaly Detection,29,https://sid.org/Portals/5/pdf/SID-Digest/DW2026/docs/P-104.pdf,pending,,
P-105,P..105,poster,The Role of Optical Coatings in Display Technologies for Augmented Reality,29,https://sid.org/Portals/5/pdf/SID-Digest/DW2026/docs/P-105.pdf,pending,,
P-106,P..106,poster,A Novel Method for Edge Strength Evaluation of Cover Glass for In-Vehicle Displays,29,https://sid.org/Portals/5/pdf/SID-Digest/DW2026/docs/P-106.pdf,pending,,
P-107,P..107,poster,High-Weatherability Silicone Optical Clear Adhesive for Advanced Optical Bonding,29,https://sid.org/Portals/5/pdf/SID-Digest/DW2026/docs/P-107.pdf,pending,,
P-108,P..108,poster,Process-Controllable Lithography Simulation Based on Flow Matching Generative Model,29,https://sid.org/Portals/5/pdf/SID-Digest/DW2026/docs/P-108.pdf,pending,,
P-109,P..109,poster,Digital Twin-based Adaptive Decision Making in an OLED Display Fab: A Case Study in Production Logistics Management,29,https://sid.org/Portals/5/pdf/SID-Digest/DW2026/docs/P-109.pdf,pending,,
P-110,P..110,poster,Chain-of-Thought Enhanced Vision-Language Model for Key Information Extraction in Logistics Documents of the Display,29,https://sid.org/Portals/5/pdf/SID-Digest/DW2026/docs/P-110.pdf,pending,,
P-111,P..111,poster,Q-Index Based AI Modeling for Material Design Screen-Printed Resin for Display Applications,29,https://sid.org/Portals/5/pdf/SID-Digest/DW2026/docs/P-111.pdf,pending,,
P-275,P..275,poster,Late-News Poster: Plasma Stoichiometry Induced Densification and Moisture Barrier Performance of Low-Temperature PECVD,30,https://sid.org/Portals/5/pdf/SID-Digest/DW2026/docs/P-275.pdf,pending,,
P-260,P..260,poster,Late-News Poster: Development of Waveguide Control Technique in OLEDoS Using Multi-Photon Laser,30,https://sid.org/Portals/5/pdf/SID-Digest/DW2026/docs/P-260.pdf,pending,,
P-114,P..114,poster,A Quantitative Evaluation Method Towards the Clean and Legible Characteristics of OLED Displays,30,https://sid.org/Portals/5/pdf/SID-Digest/DW2026/docs/P-114.pdf,pending,,
P-115,P..115,poster,Evaluation of Color Crosstalk in RGB Independently Controlled Backlight Displays,30,https://sid.org/Portals/5/pdf/SID-Digest/DW2026/docs/P-115.pdf,pending,,
P-116,P..116,poster,A Study of Sandy Mura Based on AMOLED,30,https://sid.org/Portals/5/pdf/SID-Digest/DW2026/docs/P-116.pdf,pending,,
P-117,P..117,poster,A Framework for Ambient Picture-Quality Assessment of HDR Televisions,30,https://sid.org/Portals/5/pdf/SID-Digest/DW2026/docs/P-117.pdf,pending,,
P-118,P..118,poster,Characterization and Measurement Methods for Color Gamut of Displays Under Ambient Light,30,https://sid.org/Portals/5/pdf/SID-Digest/DW2026/docs/P-118.pdf,pending,,
P-119,P..119,poster,Multiple Color Matching Function 2D Colorimetry,30,https://sid.org/Portals/5/pdf/SID-Digest/DW2026/docs/P-119.pdf,pending,,
P-120,P..120,poster,Optical Characteristics Study of Liquid Crystal Display with High-Performance Anti-Glare and Low-reflection films,30,https://sid.org/Portals/5/pdf/SID-Digest/DW2026/docs/P-120.pdf,pending,,
P-121,P..121,poster,Quantitative Metrics for the Impact of Polarizer Surface Treatment on Display Image Quality,30,https://sid.org/Portals/5/pdf/SID-Digest/DW2026/docs/P-121.pdf,pending,,
P-122,P..122,poster,Random Depolarization Film for Reducing Birefringence-Induced Color Degradation in Displays,30,https://sid.org/Portals/5/pdf/SID-Digest/DW2026/docs/P-122.pdf,pending,,
P-123,P..123,poster,Moiré-Enabled Light Shaping in the High-Efficiency Backlight,30,https://sid.org/Portals/5/pdf/SID-Digest/DW2026/docs/P-123.pdf,pending,,
P-124,P..124,poster,A High-Efficiency MNT Based on a Dual Prism Architecture,30,https://sid.org/Portals/5/pdf/SID-Digest/DW2026/docs/P-124.pdf,pending,,
P-125,P..125,poster,A Multi-Zone Edge-Lit Backlight Module Design Scheme for Improving Screen Refresh Rate,30,https://sid.org/Portals/5/pdf/SID-Digest/DW2026/docs/P-125.pdf,pending,,
P-126,P..126,poster,Application of 8.1 Gbps High-Speed Signals in High-Resolution VR Panels,30,https://sid.org/Portals/5/pdf/SID-Digest/DW2026/docs/P-126.pdf,pending,,
P-127,P..127,poster,A High-Resolution Light Field 3D Display Based on Asymmetrical Compound Lenticular Lens Array,30,https://sid.org/Portals/5/pdf/SID-Digest/DW2026/docs/P-127.pdf,pending,,
P-128,P..128,poster,A Hyper-Immersive Autostereoscopic Display System Based on a 57-inch Curved Ultrawide Display,30,https://sid.org/Portals/5/pdf/SID-Digest/DW2026/docs/P-128.pdf,pending,,
P-129,P..129,poster,An Adaptive Demura Parameter Compensation Scheme Based on Deep Learning,30,https://sid.org/Portals/5/pdf/SID-Digest/DW2026/docs/P-129.pdf,pending,,
P-130,P..130,poster,Involuntary Pixel Compensation Algorithm for Display Image Quality,30,https://sid.org/Portals/5/pdf/SID-Digest/DW2026/docs/P-130.pdf,pending,,
P-131,P..131,poster,Correcting Non-Uniform Brightness in Images Using a Multi-Region Gamma Correction Approach,30,https://sid.org/Portals/5/pdf/SID-Digest/DW2026/docs/P-131.pdf,pending,,
P-132,P..132,poster,A Compensation Method for Color Uniformity of AMOLED Display Modules,30,https://sid.org/Portals/5/pdf/SID-Digest/DW2026/docs/P-132.pdf,pending,,
P-133,P..133,poster,Rapid Improvement Research on Edge Darkening of Mini BLU Based on Brightness Balance,30,https://sid.org/Portals/5/pdf/SID-Digest/DW2026/docs/P-133.pdf,pending,,
P-134,P..134,poster,Research on Temperature Uniformity of MicroLED Display Modules,30,https://sid.org/Portals/5/pdf/SID-Digest/DW2026/docs/P-134.pdf,pending,,
P-135,P..135,poster,Research on Heat Dissipation Design of micro LED Transparent Display,30,https://sid.org/Portals/5/pdf/SID-Digest/DW2026/docs/P-135.pdf,pending,,
P-136,P..136,poster,Novel AMOLED Panel with Anti-UV Design for Outdoor Application,30,https://sid.org/Portals/5/pdf/SID-Digest/DW2026/docs/P-136.pdf,pending,,
P-137,P..137,poster,Extreme Low-Power Driving Solution for Large-Size Oxide Displays,30,https://sid.org/Portals/5/pdf/SID-Digest/DW2026/docs/P-137.pdf,pending,,
P-138,P..138,poster,Types of Abnormal Noises in Touch-Enabled Modules and Preventive Measures,30,https://sid.org/Portals/5/pdf/SID-Digest/DW2026/docs/P-138.pdf,pending,,
P-261,P..261,poster,Late-News Poster: Research on the Crosstalk Problem of Small-sized LCD Projection Display Screens,30,https://sid.org/Portals/5/pdf/SID-Digest/DW2026/docs/P-261.pdf,pending,,
P-262,P..262,poster,Late-News Poster: Subpixel Rendering Using Ray-Traced Visible Area Calculation for Robust Parallax Barrier Autostereoscopic,30,https://sid.org/Portals/5/pdf/SID-Digest/DW2026/docs/P-262.pdf,pending,,
P-139,P..139,poster,High-Density Perovskite Pixelation with Photolithography Method,30,https://sid.org/Portals/5/pdf/SID-Digest/DW2026/docs/P-139.pdf,pending,,
P-140,P..140,poster,Design and Field Validation of Passive RF Reflector in FR1 5G Bands for Smart Environment Applications,31,https://sid.org/Portals/5/pdf/SID-Digest/DW2026/docs/P-140.pdf,pending,,
P-141,P..141,poster,Research on the Different Gentle-Light Solutions for OLED Products,31,https://sid.org/Portals/5/pdf/SID-Digest/DW2026/docs/P-141.pdf,pending,,
P-143,P..143,poster,Innovative Applications of AI Vision Cameras in the Display Industry,31,https://sid.org/Portals/5/pdf/SID-Digest/DW2026/docs/P-143.pdf,pending,,
P-145,P..145,poster,A Technical Method for Implementing Dynamic Privacy Protection in OLED Displays,31,https://sid.org/Portals/5/pdf/SID-Digest/DW2026/docs/P-145.pdf,pending,,
P-146,P..146,poster,An Eye-Tracking-Optimized Medical AR Display with Surface-Relief Gratings for Upward Viewing,31,https://sid.org/Portals/5/pdf/SID-Digest/DW2026/docs/P-146.pdf,pending,,
P-147,P..147,poster,Low Reflective and Anti-Fogging Moth-Eyes for Displays,31,https://sid.org/Portals/5/pdf/SID-Digest/DW2026/docs/P-147.pdf,pending,,
P-148,P..148,poster,Research on Transmittance Results of Optical Films by Different Primers,31,https://sid.org/Portals/5/pdf/SID-Digest/DW2026/docs/P-148.pdf,pending,,
P-149,P..149,poster,Research on the Application of Field Sequential Color Display in Large and Medium-Sized LCD Products,31,https://sid.org/Portals/5/pdf/SID-Digest/DW2026/docs/P-149.pdf,pending,,
P-150,P..150,poster,Transversely Oriented Polyvinyl Alcohol Polarizer for Ultra-Large TFT-LCDs,31,https://sid.org/Portals/5/pdf/SID-Digest/DW2026/docs/P-150.pdf,pending,,
P-151,P..151,poster,New Display Technology of Partition Refresh Based on LTPS Panel,31,https://sid.org/Portals/5/pdf/SID-Digest/DW2026/docs/P-151.pdf,pending,,
P-152,P..152,poster,Quantum-Dot Based-Upconversion Devices: Technology for Infrared Security and Biomedical Image Sensing,31,https://sid.org/Portals/5/pdf/SID-Digest/DW2026/docs/P-152.pdf,pending,,
P-263,P..263,poster,Topology-Optimized Structural Design for a High-Overload-Resistant MEMS Piezoresistive Pressure Sensor,31,https://sid.org/Portals/5/pdf/SID-Digest/DW2026/docs/P-263.pdf,pending,,
P-264,P..264,poster,Chemical-Vapor Deposition for Low-dimensional Chiral Perovskite Nanowires,31,https://sid.org/Portals/5/pdf/SID-Digest/DW2026/docs/P-264.pdf,pending,,
P-265,P..265,poster,Circadian-Aligned Image Reproduction for Indoor HDR Environments Using Normalized Visual Percepts,31,https://sid.org/Portals/5/pdf/SID-Digest/DW2026/docs/P-265.pdf,pending,,
P-266,P..266,poster,1-inch 2k High-Voltage OLED Microdisplay Realizing a Wide Range Luminance Drive,31,https://sid.org/Portals/5/pdf/SID-Digest/DW2026/docs/P-266.pdf,pending,,
P-267,P..267,poster,Large-Area Visible Metalens Fabricated by KrF Photolithography Using Double Patterning and Optical Proximity Correction,31,https://sid.org/Portals/5/pdf/SID-Digest/DW2026/docs/P-267.pdf,pending,,
P-153,P..153,poster,Influence of Alkylphosphonic Acid Ligand Brand Differences on CdSe Quantum Dot Performance and Cost for Scalable,31,https://sid.org/Portals/5/pdf/SID-Digest/DW2026/docs/P-153.pdf,pending,,
P-154,P..154,poster,Hybrid µLED–OLED Red Sub-Pixel with ALCC Using Global Regularized Inversion for Stable D65 White Reproduction,31,https://sid.org/Portals/5/pdf/SID-Digest/DW2026/docs/P-154.pdf,pending,,
P-155,P..155,poster,Brand-new AIE Material for Eye-friendly Screens with Natural Light-like Spectrum,31,https://sid.org/Portals/5/pdf/SID-Digest/DW2026/docs/P-155.pdf,pending,,
P-156,P..156,poster,Borderless Micro LED Transparent Display,31,https://sid.org/Portals/5/pdf/SID-Digest/DW2026/docs/P-156.pdf,pending,,
P-157,P..157,poster,Research on Key Technologies of Low-Cost Color-Conversion LED Displays,31,https://sid.org/Portals/5/pdf/SID-Digest/DW2026/docs/P-157.pdf,pending,,
P-158,P..158,poster,Dual Polyvinylpyrrolidone (PVP) Interlayer Engineering for Charge Balance and Dissolution-Suppressive Interface Stabilization,31,https://sid.org/Portals/5/pdf/SID-Digest/DW2026/docs/P-158.pdf,pending,,
P-159,P..159,poster,Machine Learning-Driven Synthesis of InAs Quantum Dots for High-Efficiency Near-Infrared Emission,31,https://sid.org/Portals/5/pdf/SID-Digest/DW2026/docs/P-159.pdf,pending,,
P-160,P..160,poster,Wafer-Scale Monolithic Integration of Active-Matrix Transparent Micro-LED Displays: A Comparison of SnO2 and IGZO,31,https://sid.org/Portals/5/pdf/SID-Digest/DW2026/docs/P-160.pdf,pending,,
P-161,P..161,poster,Enhanced Uniformity and Reproducibility of QLEDs by Minimizing Solution-Based Processing Steps,31,https://sid.org/Portals/5/pdf/SID-Digest/DW2026/docs/P-161.pdf,pending,,
P-162,P..162,poster,Research on the Differences in display Performance between QDDP(Quantum Dot Diffuser Plate) and QD Film,31,https://sid.org/Portals/5/pdf/SID-Digest/DW2026/docs/P-162.pdf,pending,,
P-163,P..163,poster,Photolithographic Quantum-Dot OLED for Microdisplays,31,https://sid.org/Portals/5/pdf/SID-Digest/DW2026/docs/P-163.pdf,pending,,
P-164,P..164,poster,"Comparative Analysis of Light Extraction Directionality in Polar, Semi-Polar, and Non-Polar SAG MicroLEDs for AR Displays",31,https://sid.org/Portals/5/pdf/SID-Digest/DW2026/docs/P-164.pdf,pending,,
P-165,P..165,poster,InP-based Quantum Dot Color Conversion: Pushing the Limits,31,https://sid.org/Portals/5/pdf/SID-Digest/DW2026/docs/P-165.pdf,pending,,
P-166,P..166,poster,Impact of Chip-Scale Package on Image Quality in COB Mini-LED Displays: Design and Experiment Analysis,31,https://sid.org/Portals/5/pdf/SID-Digest/DW2026/docs/P-166.pdf,pending,,
P-168,P..168,poster,Fabrication of Nanowire LED Arrays via Electron Beam Lithography,31,https://sid.org/Portals/5/pdf/SID-Digest/DW2026/docs/P-168.pdf,pending,,
P-169,P..169,poster,Effect of Gradient Quantum Rod Structure on Light Emitting Diodes,32,https://sid.org/Portals/5/pdf/SID-Digest/DW2026/docs/P-169.pdf,pending,,
P-170,P..170,poster,FAPbBr3 Perovskite Nanocrystals Stabilized by Multifunctional Lecithin Ligands for Highly Durable QDEF Applications,32,https://sid.org/Portals/5/pdf/SID-Digest/DW2026/docs/P-170.pdf,pending,,
P-270,P..270,poster,Late-News Poster: Identification of the Primary Degradation Causes in Quantum Dot Emitting Displays,32,https://sid.org/Portals/5/pdf/SID-Digest/DW2026/docs/P-270.pdf,pending,,
P-271,P..271,poster,Late-News Poster: Directional Light Enhancement for Quantum-Dot-Based Color-Conversion Micro-Displays,32,https://sid.org/Portals/5/pdf/SID-Digest/DW2026/docs/P-271.pdf,pending,,
P-272,P..272,poster,"Late-News Poster: WUXGA Micro-LED Backplane Derived from an Existing OLED Microdisplay–Design Aspects,",32,https://sid.org/Portals/5/pdf/SID-Digest/DW2026/docs/P-272.pdf,pending,,
P-273,P..273,poster,Interfacial Engineering With Tunable CQD Interlayers for Dark-Current-Suppressed InAs SWIR Photodetectors,32,https://sid.org/Portals/5/pdf/SID-Digest/DW2026/docs/P-273.pdf,pending,,
P-171,P..171,poster,A Study on the Relationship between Display Layer Structure and the Attenuation of Under-Display Ultrasonic Fingerprint,32,https://sid.org/Portals/5/pdf/SID-Digest/DW2026/docs/P-171.pdf,pending,,
P-172,P..172,poster,Research on Stability Improvement of Integrated Ambient Light Sensors,32,https://sid.org/Portals/5/pdf/SID-Digest/DW2026/docs/P-172.pdf,pending,,
P-173,P..173,poster,A Novel Algorithmic Approach Using Machine Learning to Enhance Proximity Detection,32,https://sid.org/Portals/5/pdf/SID-Digest/DW2026/docs/P-173.pdf,pending,,
P-174,P..174,poster,Analysis and Suppression of Diffraction Effects in Under Display Cameras Based on Pixel Arrangement Optimization,32,https://sid.org/Portals/5/pdf/SID-Digest/DW2026/docs/P-174.pdf,pending,,
P-175,P..175,poster,Integration of Composite Photoelectric Sensors for Advanced Display Interaction,32,https://sid.org/Portals/5/pdf/SID-Digest/DW2026/docs/P-175.pdf,pending,,
P-176,P..176,poster,An Integrated Temperature Sensor in Panel Using Oxide TFT,32,https://sid.org/Portals/5/pdf/SID-Digest/DW2026/docs/P-176.pdf,pending,,
P-177,P..177,poster,A Dual-Function Interlayer Enabling Time-Multiplexed OLED Emission and NIR Sensing via Optical-Mode Modeling,32,https://sid.org/Portals/5/pdf/SID-Digest/DW2026/docs/P-177.pdf,pending,,
P-241,P..241,poster,A Method for Enhancing Contactless Touch Signals with Variable Touch Grouped Mode Technology in 12-inch Wearable,32,https://sid.org/Portals/5/pdf/SID-Digest/DW2026/docs/P-241.pdf,pending,,
P-268,P..268,poster,Late-News Poster: Low-Power IGZO/PbS QDs-Based Optical Synapse Transistors for NIR Sensing and Artificial Vision Systems,32,https://sid.org/Portals/5/pdf/SID-Digest/DW2026/docs/P-268.pdf,pending,,
P-178,P..178,poster,Distinguished Poster: Liquid Crystal Beam Control Technology,32,https://sid.org/Portals/5/pdf/SID-Digest/DW2026/docs/P-178.pdf,pending,,
P-179,P..179,poster,Combining Different Types of Chiral Units in One Molecule - Application of Non-Symmetrically Substituted Chiral Components,32,https://sid.org/Portals/5/pdf/SID-Digest/DW2026/docs/P-179.pdf,pending,,
P-180,P..180,poster,Analysis and Evaluation of Randomly Aligned Liquid Crystals,32,https://sid.org/Portals/5/pdf/SID-Digest/DW2026/docs/P-180.pdf,pending,,
P-181,P..181,poster,Heat Reduction Technique using Self-operating Charge-share and Pattern Self Detection in Large Display Driver IC,32,https://sid.org/Portals/5/pdf/SID-Digest/DW2026/docs/P-181.pdf,pending,,
P-182,P..182,poster,Enhancing Image Quality with a 300Hz LCD Notebook: The Super-Flip New Pixel Design,32,https://sid.org/Portals/5/pdf/SID-Digest/DW2026/docs/P-182.pdf,pending,,
P-183,P..183,poster,An Optimized Scheme for Reducing TFT Leakage Based on High-Migration Oxide Technology,32,https://sid.org/Portals/5/pdf/SID-Digest/DW2026/docs/P-183.pdf,pending,,
P-184,P..184,poster,New DLS Stripe DTP Pixel Architecture Empowers Cost-Effective QHD High Refresh Rate Display Panels,32,https://sid.org/Portals/5/pdf/SID-Digest/DW2026/docs/P-184.pdf,pending,,
P-185,P..185,poster,Modification of IGZTO Thin Film Transistors for High-Voltage-Swing LCD,32,https://sid.org/Portals/5/pdf/SID-Digest/DW2026/docs/P-185.pdf,pending,,
P-186,P..186,poster,A Study on Heat Dissipation Optimization in Notebook LCD Modules,32,https://sid.org/Portals/5/pdf/SID-Digest/DW2026/docs/P-186.pdf,pending,,
P-187,P..187,poster,Interfacial Engineering Regulation and Synergistic Optimization of LowFrequency Flicker Induced by Liquid Crystal,32,https://sid.org/Portals/5/pdf/SID-Digest/DW2026/docs/P-187.pdf,pending,,
P-188,P..188,poster,Development of High-Refresh Rate Panels Based on High-Mobility Oxide Technology,32,https://sid.org/Portals/5/pdf/SID-Digest/DW2026/docs/P-188.pdf,pending,,
P-189,P..189,poster,Blue Photoresist Residue on Green Films: Mechanistic Insights and Effective Suppression Strategies,32,https://sid.org/Portals/5/pdf/SID-Digest/DW2026/docs/P-189.pdf,pending,,
P-274,P..274,poster,Fast-Response Parallel-Aligned Liquid Crystal Device with Virtual Walls Using Half-Shifted Dual-Electrode Design for Virtual,32,https://sid.org/Portals/5/pdf/SID-Digest/DW2026/docs/P-274.pdf,pending,,
P-190,P..190,poster,Research on the Optimization Design of Panel Border Light Leakage Using BPS Technology,33,https://sid.org/Portals/5/pdf/SID-Digest/DW2026/docs/P-190.pdf,pending,,
P-191,P..191,poster,Study on Influencing Factors and Improvement of L0 Light Leakage in HFS Liquid Crystal Display under External Force,33,https://sid.org/Portals/5/pdf/SID-Digest/DW2026/docs/P-191.pdf,pending,,
P-192,P..192,poster,A TFT-LCD Module Optical Solution for Quasi-Natural Spectrum Display,33,https://sid.org/Portals/5/pdf/SID-Digest/DW2026/docs/P-192.pdf,pending,,
P-193,P..193,poster,Research on Taper Process Improvement of Negative-Tone Color Photoresist with High Pigment Concentration System,33,https://sid.org/Portals/5/pdf/SID-Digest/DW2026/docs/P-193.pdf,pending,,
P-194,P..194,poster,Simulation-Based Evaluation Method for Reflectivity of TFT-LCD Array Substrate,33,https://sid.org/Portals/5/pdf/SID-Digest/DW2026/docs/P-194.pdf,pending,,
P-195,P..195,poster,Simulation and Optimization for Reflectivity in Color-Filter On Array LCDs,33,https://sid.org/Portals/5/pdf/SID-Digest/DW2026/docs/P-195.pdf,pending,,
P-196,P..196,poster,Wide Viewing Angle and Ultra Low Reflection AG Film by Glay Scale UV Pattern Photolithography,33,https://sid.org/Portals/5/pdf/SID-Digest/DW2026/docs/P-196.pdf,pending,,
P-197,P..197,poster,Research on Improvement Methods for Brightness Disparity in LCD Spliced Screens,33,https://sid.org/Portals/5/pdf/SID-Digest/DW2026/docs/P-197.pdf,pending,,
P-198,P..198,poster,A Co-Design Framework for MLCD: Unifying Grayscale and Wavelength-Dependent Uniformity in Hybrid Splicing Displays,33,https://sid.org/Portals/5/pdf/SID-Digest/DW2026/docs/P-198.pdf,pending,,
P-199,P..199,poster,Distinguished Poster: Boosting the Efficiencies of OLEDs Through ViP™ Technology,33,https://sid.org/Portals/5/pdf/SID-Digest/DW2026/docs/P-199.pdf,pending,,
P-200,P..200,poster,An Independent Device Architecture Enabling Color-Stable OLED Modules under High-Temperature Operating Conditions,33,https://sid.org/Portals/5/pdf/SID-Digest/DW2026/docs/P-200.pdf,pending,,
P-201,P..201,poster,Investigation on Stability of Charge Generation Layer in Tandem Organic Light-Emitting Diodes,33,https://sid.org/Portals/5/pdf/SID-Digest/DW2026/docs/P-201.pdf,pending,,
P-202,P..202,poster,Novel nCGL Materials Achieving High Electron Injection and Low Conductivity in Tandem OLEDs,33,https://sid.org/Portals/5/pdf/SID-Digest/DW2026/docs/P-202.pdf,pending,,
P-203,P..203,poster,High-performance Tandem OLEDs with Wide Color Gamut Covering over 95% of BT.2020,33,https://sid.org/Portals/5/pdf/SID-Digest/DW2026/docs/P-203.pdf,pending,,
P-204,P..204,poster,Research Progress and Prospect of high efficiency Light-Emitting Technology for OLED Displays,33,https://sid.org/Portals/5/pdf/SID-Digest/DW2026/docs/P-204.pdf,pending,,
P-205,P..205,poster,The Profound Study of the Novel Strong Micro Cavity Stack OLED Devices with Different Intermediate Composite Electrodes,33,https://sid.org/Portals/5/pdf/SID-Digest/DW2026/docs/P-205.pdf,pending,,
P-206,P..206,poster,UV Laser-Induced Lateral Current Suppression in HIL/HTL Layers for Crosstalk Control in OLED Microdisplays,33,https://sid.org/Portals/5/pdf/SID-Digest/DW2026/docs/P-206.pdf,pending,,
P-207,P..207,poster,High-Efficiency Tandem BT2020 Display with Low Voltage Rise at Operation,33,https://sid.org/Portals/5/pdf/SID-Digest/DW2026/docs/P-207.pdf,pending,,
P-208,P..208,poster,Controlling Charge Accumulation via Spontaneous Orientation Polarization Engineering of Organic Materials in Blue Organic,33,https://sid.org/Portals/5/pdf/SID-Digest/DW2026/docs/P-208.pdf,pending,,
P-209,P..209,poster,Blue OLED with LT95> 3000 hours by Using Anthracene-Bidibenzofuran Host and Bi-Emitting Layer Structure,33,https://sid.org/Portals/5/pdf/SID-Digest/DW2026/docs/P-209.pdf,pending,,
P-210,P..210,poster,A Low-reflection Device Based On In-cell Absorption Layer For Polarizer-free OLED Panel,33,https://sid.org/Portals/5/pdf/SID-Digest/DW2026/docs/P-210.pdf,pending,,
P-212,P..212,poster,Study on the Transient Luminance Overshoot Characteristics of Tandem OLED Devices,33,https://sid.org/Portals/5/pdf/SID-Digest/DW2026/docs/P-212.pdf,pending,,
P-213,P..213,poster,Trap-Controlled Emitting-Layer Design for Enhanced Operational Lifetime in Blue Phosphorescent Organic Light-Emitting,33,https://sid.org/Portals/5/pdf/SID-Digest/DW2026/docs/P-213.pdf,pending,,
P-214,P..214,poster,Achieving Ultrahigh EQE and Angular Color Stability in Top-Emitting Microcavity OLEDs via Nano-Texturing Structure,33,https://sid.org/Portals/5/pdf/SID-Digest/DW2026/docs/P-214.pdf,pending,,
P-215,P..215,poster,Research on Inverted Tandem Green OLED For AR,33,https://sid.org/Portals/5/pdf/SID-Digest/DW2026/docs/P-215.pdf,pending,,
P-216,P..216,poster,Impact of the Polarizer on Corrosion in AMOLED Displays,33,https://sid.org/Portals/5/pdf/SID-Digest/DW2026/docs/P-216.pdf,pending,,
P-217,P..217,poster,Fast Reverse Intersystem Crossing Green TADF Emitter with Benzofurocarbazole Donor and Triazine Acceptor D-?-A,33,https://sid.org/Portals/5/pdf/SID-Digest/DW2026/docs/P-217.pdf,pending,,
P-218,P..218,poster,Mitigating Polarization-Induced Degradation and Modulating Recombination Zone in Blue OLEDs Using a robust layer,34,https://sid.org/Portals/5/pdf/SID-Digest/DW2026/docs/P-218.pdf,pending,,
P-219,P..219,poster,"Narrowband Blue Phosphorescent OLEDs with High Efficiency, Color Purity and Low-Voltage",34,https://sid.org/Portals/5/pdf/SID-Digest/DW2026/docs/P-219.pdf,pending,,
P-220,P..220,poster,Acetone-Immersed Surface-Engineered ZnO Nanoparticles for Enhanced Charge Balance in High-Resolution Full-Color OLED,34,https://sid.org/Portals/5/pdf/SID-Digest/DW2026/docs/P-220.pdf,pending,,
P-221,P..221,poster,Design Review and Performance Analysis of Dam Layer for Thin-Film Encapsulation in OLED Panel,34,https://sid.org/Portals/5/pdf/SID-Digest/DW2026/docs/P-221.pdf,pending,,
P-222,P..222,poster,Pyrene-Based Blue OLED with High Horizontal Dipole Ratio (92%) and Efficient Triplet–Triplet Fusion,34,https://sid.org/Portals/5/pdf/SID-Digest/DW2026/docs/P-222.pdf,pending,,
P-223,P..223,poster,High-Refractive-Index Nanocomposites for Manufacturing High-Performance Microlens Arrays in Next Generation Display and,34,https://sid.org/Portals/5/pdf/SID-Digest/DW2026/docs/P-223.pdf,pending,,
P-224,P..224,poster,Establishment of Printing OLED Ink Platform for High-Resolution Panels with a Wide Film-Thickness Range,34,https://sid.org/Portals/5/pdf/SID-Digest/DW2026/docs/P-224.pdf,pending,,
P-225,P..225,poster,Development of Filler-Free High-Refractive-Index Patterning Materials,34,https://sid.org/Portals/5/pdf/SID-Digest/DW2026/docs/P-225.pdf,pending,,
P-226,P..226,poster,Impact of n-Type Doping Concentration in TPBi Electron Transport Layers on Electrical efficiency and Operational Stability of,34,https://sid.org/Portals/5/pdf/SID-Digest/DW2026/docs/P-226.pdf,pending,,
P-227,P..227,poster,Research on Privacy Performance of OLED Display with BM,34,https://sid.org/Portals/5/pdf/SID-Digest/DW2026/docs/P-227.pdf,pending,,
P-228,P..228,poster,Research on the Technology for Improving the Low Gray-Scale Turn-on Delay of OLEDs,34,https://sid.org/Portals/5/pdf/SID-Digest/DW2026/docs/P-228.pdf,pending,,
P-229,P..229,poster,Process-Free Intense Micro cavity Engineering for High-Performance Three-Stack White OLEDs,34,https://sid.org/Portals/5/pdf/SID-Digest/DW2026/docs/P-229.pdf,pending,,
P-230,P..230,poster,Analysis of Pink Discoloration in Polarizer-Free OLED Panels After Sunlight Aging,34,https://sid.org/Portals/5/pdf/SID-Digest/DW2026/docs/P-230.pdf,pending,,
P-269,P..269,poster,Late-News Poster: Near-Planar Light Outcoupling Structure for Ultra-Efficient OLED Displays,34,https://sid.org/Portals/5/pdf/SID-Digest/DW2026/docs/P-269.pdf,pending,,
P-231,P..231,poster,Nanoimprintable High-Refractive-Index Nanocomposites for Advanced XR Waveguide Applications,34,https://sid.org/Portals/5/pdf/SID-Digest/DW2026/docs/P-231.pdf,pending,,
P-232,P..232,poster,Research on 3000-PPI Monochrome AR Display of AMOLED Technology Based on Glass Substrate,34,https://sid.org/Portals/5/pdf/SID-Digest/DW2026/docs/P-232.pdf,pending,,
P-233,P..233,poster,High-Resolution 3D Aerial Images that Include Background Images,34,https://sid.org/Portals/5/pdf/SID-Digest/DW2026/docs/P-233.pdf,pending,,
P-234,P..234,poster,A Novel Sharpening Method to Compensate for Peripheral Sharpness and Contrast Degradation in VR,34,https://sid.org/Portals/5/pdf/SID-Digest/DW2026/docs/P-234.pdf,pending,,
P-235,P..235,poster,Scalable Fabrication of Blazed Gratings for AR/VR Waveguides: Uniform Efficiency Across 200 mm Wafers Using Large-Area,34,https://sid.org/Portals/5/pdf/SID-Digest/DW2026/docs/P-235.pdf,pending,,
P-236,P..236,poster,4-Channel Waveguide-Based Near-Eye Display with 2-Dimensional Field of View Division,34,https://sid.org/Portals/5/pdf/SID-Digest/DW2026/docs/P-236.pdf,pending,,
P-237,P..237,poster,Dual-Imaging Mode Augmented-Reality Display Using Multifunctional Holographic Beamcombiner and Adaptive Prismatic,34,https://sid.org/Portals/5/pdf/SID-Digest/DW2026/docs/P-237.pdf,pending,,
P-238,P..238,poster,Expanding the Field of View of Light-Field Displays by Designing a Telecentric Pancake Lens,34,https://sid.org/Portals/5/pdf/SID-Digest/DW2026/docs/P-238.pdf,pending,,
P-239,P..239,poster,Glass Based Ultra-High PPI Real RGB OLED Based on VR Display,34,https://sid.org/Portals/5/pdf/SID-Digest/DW2026/docs/P-239.pdf,pending,,
P-276,P..276,poster,Late-News Poster: A Compact Hard Edge Masking Augmented Reality Display Using Lens Arrays,34,https://sid.org/Portals/5/pdf/SID-Digest/DW2026/docs/P-276.pdf,pending,,
